rut,programa,hito1,hito2,hito3,hito4,exitosos,fallidos,ejercicios_hito1,ejercicios_hito2,ejercicios_hito3,ejercicios_hito4,sol1,sol2,sol3,sol4
3,INGENIERIA CIVIL INDUSTRIAL,1,0,0,0,7,17,:25,,,,3.9,4.7,3.7,4.1
5,INGENIERIA EN COMPUTACION E INFORMATICA,0,0,0,0,0,0,,,,,1.0,1.0,1.0,1.0
7,INGENIERIA CIVIL INDUSTRIAL,0,0,0,0,0,0,,,,,1.0,1.0,1.0,1.0
12,INGENIERIA CIVIL INDUSTRIAL,9,0,0,0,12,12,:25:17:4:26:29:22,,,,5.2,1.0,1.0,1.0
16,INGENIERIA INDUSTRIAL,0,0,0,0,0,0,,,,,1.0,1.0,1.0,1.0
34,INGENIERIA CIVIL INFORMATICA,0,0,0,0,0,31,,,,,6.2,5.5,5.6,5.8
42,INGENIERIA EN COMPUTACION E INFORMATICA,13,0,0,0,9,15,:25:17:4:26:29:0:22:10:3,,,,2.0,6.2,5.8,4.7
44,INGENIERIA CIVIL INDUSTRIAL,0,0,0,0,0,0,,,,,1.0,1.0,1.0,1.0
50,INGENIERIA INDUSTRIAL,0,0,0,0,0,0,,,,,6.6,6.9,6.0,6.5
51,INGENIERIA INDUSTRIAL,1,0,0,0,1,23,:25,,,,4.6,2.1,1.0,2.6
54,INGENIERIA EN COMPUTACION E INFORMATICA,0,0,0,0,0,0,,,,,6.0,5.5,5.7,5.7
57,INGENIERIA CIVIL INDUSTRIAL,0,0,0,0,0,0,,,,,6.2,7.0,6.2,6.2
65,INGENIERIA EN COMPUTACION E INFORMATICA,12,6,0,0,12,19,:25:17:4:29:22:3:42:35,:1:44:37:28,,,6.8,3.8,5.8,5.5
69,INGENIERIA CIVIL INDUSTRIAL,0,0,0,0,0,0,,,,,5.2,6.0,5.8,5.7
81,INGENIERIA INDUSTRIAL,0,0,0,0,0,24,,,,,5.0,5.3,1.0,3.8
100,INGENIERIA CIVIL INDUSTRIAL,25,5,0,0,19,12,:25:17:4:26:29:23:0:22:10:3:42:7:32:13:18,:6:1:44:28,,,3.8,5.5,6.2,5.2
103,INGENIERIA EN COMPUTACION E INFORMATICA,0,0,0,0,0,0,,,,,1.0,1.0,1.0,1.0
104,INGENIERIA EN COMPUTACION E INFORMATICA,9,0,0,0,6,10,:25:17:4:26:29:0,,,,6.5,1.0,3.7,3.7
122,INGENIERIA EN COMPUTACION E INFORMATICA,0,0,0,0,0,15,,,,,1.0,1.0,1.0,1.0
125,INGENIERIA EN COMPUTACION E INFORMATICA,0,0,0,0,0,0,,,,,5.2,4.0,3.4,4.2
131,INGENIERIA EN COMPUTACION E INFORMATICA,3,0,0,0,3,36,:25:17:4,,,,4.4,1.0,1.0,4.4
134,INGENIERIA EN COMPUTACION E INFORMATICA,0,0,0,0,0,16,,,,,4.6,1.0,3.8,3.1
148,INGENIERIA INDUSTRIAL,0,0,0,0,0,16,,,,,4.6,1.0,1.0,2.2
151,INGENIERIA EN COMPUTACION E INFORMATICA,0,0,0,0,0,16,,,,,6.6,4.6,3.2,4.8
155,INGENIERIA CIVIL INDUSTRIAL,10,0,0,0,7,17,:25:17:4:26:29:22:10,,,,3.8,4.1,2.4,3.4
165,INGENIERIA CIVIL INDUSTRIAL,19,1,0,0,13,18,:25:17:4:26:23:0:22:10:42:32:18:35,:44,,,3.8,5.8,6.4,5.3
166,INGENIERIA EN COMPUTACION E INFORMATICA,0,0,0,0,0,0,,,,,4.3,1.0,1.0,2.1
170,INGENIERIA EN COMPUTACION E INFORMATICA,0,0,0,0,0,0,,,,,6.1,6.4,6.2,6.1
173,INGENIERIA INDUSTRIAL,0,0,0,0,0,31,,,,,3.6,4.0,4.6,4.6
176,INGENIERIA EN COMPUTACION E INFORMATICA,6,3,0,0,7,24,:25:17:4:26:3,:1:28,,,3.8,6.5,6.0,5.4
198,INGENIERIA CIVIL INDUSTRIAL,22,4,0,0,15,16,:25:17:4:26:29:0:22:10:3:7:32:13:35,:44:11,,,6.4,3.8,4.7,5.0
200,INGENIERIA CIVIL INDUSTRIAL,19,2,0,0,14,17,:25:17:4:26:29:23:0:22:10:42:32:18,:1:44,,,3.0,6.2,5.9,5.0
206,INGENIERIA CIVIL INDUSTRIAL,0,0,0,0,0,16,,,,,6.4,5.9,6.7,6.3
212,INGENIERIA CIVIL INFORMATICA,0,0,0,0,0,0,,,,,1.0,1.0,1.0,1.0
218,INGENIERIA EN COMPUTACION E INFORMATICA,0,0,0,0,0,0,,,,,5.0,6.0,5.9,5.6
225,INGENIERIA CIVIL INFORMATICA,0,0,0,0,0,16,,,,,4.4,2.5,1.0,2.6
227,INGENIERIA EN COMPUTACION E INFORMATICA,0,0,0,0,0,31,,,,,4.8,5.8,4.2,4.9
231,INGENIERIA EN COMPUTACION E INFORMATICA,0,0,0,0,0,16,,,,,4.8,5.6,3.5,4.6
235,INGENIERIA EN COMPUTACION E INFORMATICA,0,0,0,0,0,0,,,,,6.3,5.4,4.7,5.5
236,INGENIERIA CIVIL INFORMATICA,11,4,0,0,11,20,:4:29:23:22:3:42:32,:6:1:44:38,,,5.0,3.9,4.3,4.4
239,INGENIERIA EN COMPUTACION E INFORMATICA,20,11,0,0,21,10,:25:17:4:26:29:23:0:22:10:3:32:18:35,:6:1:44:37:28:12:21:38,,,7.0,1.0,6.8,6.3
260,INGENIERIA CIVIL INFORMATICA,1,0,0,0,1,15,:25,,,,3.6,1.9,1.0,1.9
266,INGENIERIA EN COMPUTACION E INFORMATICA,0,0,0,0,0,16,,,,,2.8,1.0,1.0,1.6
274,INGENIERIA EN COMPUTACION E INFORMATICA,0,0,0,0,0,0,,,,,3.6,2.2,1.0,2.3
275,INGENIERIA EN COMPUTACION E INFORMATICA,13,2,0,0,10,21,:23:0:3:42:7:32:18:35,:1:44,,,5.6,3.0,4.2,4.3
278,INGENIERIA CIVIL INFORMATICA,0,0,0,0,0,16,,,,,1.0,6.1,1.0,2.7
280,INGENIERIA EN COMPUTACION E INFORMATICA,0,0,0,0,0,31,,,,,4.2,4.0,2.5,3.6
287,INGENIERIA INDUSTRIAL,0,0,0,0,0,31,,,,,4.8,6.5,5.7,5.7
297,INGENIERIA EN COMPUTACION E INFORMATICA,0,0,0,0,0,0,,,,,6.0,6.0,6.1,6.0
300,INGENIERIA CIVIL INFORMATICA,0,0,0,0,7,32,,,,,5.6,4.5,4.7,4.6
321,INGENIERIA EN COMPUTACION E INFORMATICA,0,0,0,0,0,0,,,,,5.7,5.4,3.7,4.9
322,INGENIERIA INDUSTRIAL,0,0,0,0,0,16,,,,,6.2,6.4,5.8,6.1
323,INGENIERIA EN COMPUTACION E INFORMATICA,0,0,0,0,0,0,,,,,4.2,1.0,2.9,2.7
327,INGENIERIA CIVIL INDUSTRIAL,0,0,0,0,0,31,,,,,5.9,4.2,6.2,5.9
328,INGENIERIA INDUSTRIAL,6,1,0,0,5,34,:17:26:0:3,:44,,,6.4,3.4,4.1,4.6
344,INGENIERIA CIVIL INDUSTRIAL,16,5,0,0,15,16,:25:17:4:26:29:23:0:22:10:3:42,:6:1:28:12,,,3.8,5.4,6.8,5.3
356,INGENIERIA EN COMPUTACION E INFORMATICA,0,0,0,0,0,0,,,,,4.0,2.0,2.5,2.8
380,INGENIERIA EN COMPUTACION E INFORMATICA,22,1,0,0,15,16,:25:17:4:26:29:23:0:22:10:3:42:32:18:35,:6,,,3.7,6.6,5.5,3.7
381,INGENIERIA EN COMPUTACION E INFORMATICA,20,4,0,0,14,17,:25:17:4:26:29:0:3:42:32:13:35,:6:44:37,,,2.0,2.4,2.1,2.1
386,INGENIERIA CIVIL INDUSTRIAL,11,0,0,0,7,17,:25:17:4:26:29:0:22,,,,1.0,2.4,1.0,1.5
403,INGENIERIA CIVIL INFORMATICA,22,6,0,0,19,12,:25:17:4:26:29:23:0:22:10:3:42:32:18:35,:6:1:44:28:38,,,2.2,5.4,6.5,6.0
414,INGENIERIA CIVIL INDUSTRIAL,12,7,0,0,13,18,:25:4:26:29:0:22:10:3,:6:1:44:37:28,,,6.0,2.1,5.7,4.6
423,INGENIERIA CIVIL INFORMATICA,14,1,0,0,9,22,:17:4:26:29:23:3:32:13,:44,,,4.0,3.8,3.2,3.7
439,INGENIERIA INDUSTRIAL,0,0,0,0,0,0,,,,,5.0,1.0,1.0,1.0
446,INGENIERIA EN COMPUTACION E INFORMATICA,0,0,0,0,7,32,,,,,4.2,1.0,1.0,4.2
452,INGENIERIA INDUSTRIAL,14,3,0,0,12,19,:25:17:4:26:29:0:22:10:35,:6:1:44,,,3.2,5.0,5.5,4.6
459,INGENIERIA EN COMPUTACION E INFORMATICA,0,5,0,0,4,27,,:6:1:44:28,,,3.6,2.4,5.0,3.7
467,INGENIERIA CIVIL INDUSTRIAL,17,0,0,0,10,21,:25:17:4:26:29:23:0:22:10:3,,,,1.0,,,
468,INGENIERIA CIVIL INDUSTRIAL,12,0,0,0,7,9,:25:17:4:26:29:23:0,,,,1.0,,,
469,INGENIERIA CIVIL INDUSTRIAL,11,0,0,0,6,10,:25:17:26:29:23:0,,,,1.0,,,
470,INGENIERIA CIVIL INDUSTRIAL,0,0,0,0,0,0,,,,,1.0,,,
471,INGENIERIA INDUSTRIAL,0,0,0,0,0,0,,,,,1.0,,,
472,INGENIERIA CIVIL INDUSTRIAL,0,0,0,0,0,0,,,,,1.0,,,
473,INGENIERIA INDUSTRIAL,0,0,0,0,0,0,,,,,1.0,,,
474,INGENIERIA EN COMPUTACION E INFORMATICA,0,0,0,0,0,16,,,,,1.0,,,
475,INGENIERIA CIVIL INDUSTRIAL,0,0,0,0,0,0,,,,,1.0,,,
476,INGENIERIA CIVIL INDUSTRIAL,0,0,0,0,0,0,,,,,1.0,,,
477,INGENIERIA CIVIL INDUSTRIAL,0,0,0,0,0,0,,,,,1.0,,,
478,INGENIERIA CIVIL INDUSTRIAL,0,0,0,0,0,0,,,,,1.0,,,
479,INGENIERIA CIVIL INDUSTRIAL,0,0,0,0,0,0,,,,,1.0,,,
480,INGENIERIA CIVIL INDUSTRIAL,12,0,0,0,7,9,:25:17:4:26:29:23:0,,,,1.0,,,
481,INGENIERIA INDUSTRIAL,0,0,0,0,0,0,,,,,1.0,,,
482,INGENIERIA CIVIL INDUSTRIAL,22,0,0,0,12,19,:25:17:4:26:29:23:0:22:10:3:42:18,,,,1.0,,,
483,INGENIERIA EN COMPUTACION E INFORMATICA,0,0,0,0,0,31,,,,,1.0,,,
484,INGENIERIA CIVIL INDUSTRIAL,27,0,0,0,14,2,:25:17:4:26:29:23:0:22:10:7:32:13:18:35,,,,1.0,,,
485,INGENIERIA CIVIL INDUSTRIAL,0,0,0,0,0,0,,,,,1.0,,,
486,INGENIERIA CIVIL INDUSTRIAL,0,0,0,0,0,0,,,,,1.0,,,
487,INGENIERIA CIVIL INDUSTRIAL,12,0,0,0,7,9,:25:17:4:26:29:23:0,,,,1.0,,,
488,INGENIERIA CIVIL INDUSTRIAL,0,0,0,0,0,0,,,,,1.0,,,
489,INGENIERIA CIVIL INDUSTRIAL,0,0,0,0,0,0,,,,,1.0,,,
490,INGENIERIA EN COMPUTACION E INFORMATICA,0,0,0,0,0,0,,,,,1.0,,,
491,INGENIERIA EN COMPUTACION E INFORMATICA,0,0,0,0,0,0,,,,,1.0,,,
492,INGENIERIA CIVIL INDUSTRIAL,0,0,0,0,0,0,,,,,1.0,,,
493,INGENIERIA CIVIL INDUSTRIAL,12,0,0,0,7,9,:25:17:4:26:29:23:0,,,,1.0,,,
494,INGENIERIA CIVIL INDUSTRIAL,0,0,0,0,0,0,,,,,1.0,,,
495,INGENIERIA EN COMPUTACION E INFORMATICA,0,0,0,0,0,0,,,,,1.0,,,
496,INGENIERIA CIVIL INDUSTRIAL,0,0,0,0,0,0,,,,,1.0,,,
497,INGENIERIA CIVIL INDUSTRIAL,2,0,0,0,2,29,:25:17,,,,1.0,,,
498,INGENIERIA CIVIL INDUSTRIAL,20,0,0,0,10,6,:25:17:4:26:0:3:32:13:18:35,,,,1.0,,,
499,INGENIERIA CIVIL INFORMATICA,21,0,0,0,11,5,:25:17:4:26:29:23:0:22:10:32:13,,,,1.0,,,
500,INGENIERIA INDUSTRIAL,0,0,0,0,0,0,,,,,1.0,,,
501,INGENIERIA EN COMPUTACION E INFORMATICA,0,0,0,0,0,0,,,,,1.0,,,
502,INGENIERIA CIVIL INDUSTRIAL,0,0,0,0,0,0,,,,,1.0,,,
503,INGENIERIA INDUSTRIAL,22,0,0,0,12,19,:25:17:4:29:23:0:22:10:7:32:13:18,,,,1.0,,,
504,INGENIERIA EN COMPUTACION E INFORMATICA,0,0,0,0,0,0,,,,,1.0,,,
505,INGENIERIA CIVIL INDUSTRIAL,0,0,0,0,0,0,,,,,1.0,,,
506,INGENIERIA INDUSTRIAL,30,0,0,0,17,30,:25:25:17:17:4:4:26:26:29:29:23:0:22:10:32:13:18,,,,1.0,,,
507,INGENIERIA CIVIL INFORMATICA,8,0,0,0,6,10,:25:17:4:26:22:10,,,,1.0,,,
508,INGENIERIA CIVIL INFORMATICA,0,0,0,0,0,0,,,,,1.0,,,
509,INGENIERIA EN COMPUTACION E INFORMATICA,2,0,0,0,2,14,:25:17,,,,1.0,,,
510,INGENIERIA EN COMPUTACION E INFORMATICA,0,0,0,0,0,0,,,,,1.0,,,
511,INGENIERIA EN COMPUTACION E INFORMATICA,19,0,0,0,10,6,:25:17:4:26:29:23:0:7:32:13,,,,1.0,,,
512,INGENIERIA EN COMPUTACION E INFORMATICA,0,0,0,0,0,16,,,,,1.0,,,
513,INGENIERIA EN COMPUTACION E INFORMATICA,19,0,0,0,10,6,:25:17:4:23:0:22:10:32:13:18,,,,1.0,,,
514,INGENIERIA EN COMPUTACION E INFORMATICA,0,0,0,0,0,0,,,,,1.0,,,
515,INGENIERIA CIVIL INDUSTRIAL,2,0,0,0,2,14,:25:17,,,,1.0,,,
516,INGENIERIA CIVIL INDUSTRIAL,0,0,0,0,0,16,,,,,1.0,,,
517,INGENIERIA CIVIL INDUSTRIAL,11,0,0,0,7,9,:25:17:4:26:0:22:32,,,,1.0,,,
518,INGENIERIA EN COMPUTACION E INFORMATICA,0,0,0,0,0,16,,,,,1.0,,,
519,INGENIERIA EN COMPUTACION E INFORMATICA,0,0,0,0,0,0,,,,,1.0,,,
520,INGENIERIA CIVIL INDUSTRIAL,15,0,0,0,8,8,:25:17:26:23:0:22:3:32,,,,1.0,,,
521,INGENIERIA EN COMPUTACION E INFORMATICA,17,0,0,0,10,6,:25:17:4:26:29:23:0:22:10:3,,,,1.0,,,
522,INGENIERIA CIVIL INDUSTRIAL,12,0,0,0,8,8,:25:17:4:26:29:0:22:10,,,,1.0,,,
523,INGENIERIA CIVIL INDUSTRIAL,13,0,0,0,7,24,:17:4:29:23:0:22:32,,,,1.0,,,
524,INGENIERIA CIVIL INFORMATICA,1,0,0,0,1,31,:25,,,,1.0,,,
525,INGENIERIA CIVIL INDUSTRIAL,13,0,0,0,8,8,:25:17:4:26:29:0:10:42,,,,1.0,,,
526,INGENIERIA CIVIL INFORMATICA,9,0,0,0,7,9,:25:17:4:26:22:10:7,,,,1.0,,,
527,INGENIERIA EN COMPUTACION E INFORMATICA,21,6,0,0,17,14,:25:4:26:29:23:0:22:10:3:42:32:18:35,:6:44:37:28,,,1.0,,,
528,INGENIERIA EN COMPUTACION E INFORMATICA,22,0,0,0,12,19,:25:17:4:26:22:10:3:7:32:13:18:35,,,,1.0,,,
529,INGENIERIA EN COMPUTACION E INFORMATICA,13,0,0,0,9,7,:25:17:4:26:29:0:3:42:7,,,,1.0,,,
530,INGENIERIA CIVIL INDUSTRIAL,12,0,0,0,7,9,:25:17:4:26:29:23:22,,,,1.0,,,
531,INGENIERIA EN COMPUTACION E INFORMATICA,0,0,0,0,0,0,,,,,1.0,,,
532,INGENIERIA CIVIL INDUSTRIAL,0,0,0,0,0,16,,,,,1.0,,,
533,INGENIERIA CIVIL INDUSTRIAL,10,0,0,0,6,10,:25:17:4:26:23:0,,,,1.0,,,
534,INGENIERIA EN COMPUTACION E INFORMATICA,0,0,0,0,0,16,,,,,1.0,,,
535,INGENIERIA CIVIL INFORMATICA,2,2,0,0,4,27,:25:17,:6:44,,,1.0,,,
536,INGENIERIA CIVIL INDUSTRIAL,13,0,0,0,7,9,:25:17:4:26:23:22:42,,,,1.0,,,
537,INGENIERIA CIVIL INDUSTRIAL,16,0,0,0,9,7,:25:17:4:26:29:23:0:22:3,,,,1.0,,,
538,INGENIERIA CIVIL INDUSTRIAL,14,0,0,0,9,7,:25:17:4:26:29:0:22:10:3,,,,1.0,,,
539,INGENIERIA EN COMPUTACION E INFORMATICA,19,0,0,0,10,6,:25:17:4:26:29:23:22:10:32:13,,,,1.0,,,
540,INGENIERIA CIVIL INDUSTRIAL,0,0,0,0,0,0,,,,,1.0,,,
541,INGENIERIA CIVIL INDUSTRIAL,0,0,0,0,0,0,,,,,1.0,,,
542,INGENIERIA CIVIL INDUSTRIAL,26,0,0,0,13,3,:25:17:4:26:29:23:0:22:10:3:32:13:35,,,,1.0,,,
543,INGENIERIA CIVIL INDUSTRIAL,24,0,0,0,13,3,:25:17:4:26:29:22:10:3:42:7:32:13:18,,,,1.0,,,
544,INGENIERIA CIVIL INDUSTRIAL,15,0,0,0,8,23,:17:4:26:23:0:22:3:32,,,,1.0,,,
545,INGENIERIA CIVIL INDUSTRIAL,12,0,0,0,7,9,:25:17:4:26:29:23:22,,,,1.0,,,
546,INGENIERIA CIVIL INDUSTRIAL,10,0,0,0,6,10,:25:17:4:23:0:22,,,,1.0,,,
547,INGENIERIA INDUSTRIAL,20,0,0,0,11,20,:25:17:4:26:29:23:0:22:10:3:42,,,,1.0,,,
548,INGENIERIA CIVIL INDUSTRIAL,0,0,0,0,0,0,,,,,1.0,,,
549,INGENIERIA EN COMPUTACION E INFORMATICA,0,0,0,0,0,0,,,,,1.0,,,
550,INGENIERIA CIVIL INFORMATICA,5,0,0,0,4,12,:25:17:4:22,,,,1.0,,,
551,INGENIERIA CIVIL INDUSTRIAL,12,0,0,0,7,9,:25:17:4:26:29:23:22,,,,1.0,,,
552,INGENIERIA CIVIL INDUSTRIAL,12,0,0,0,8,8,:25:17:4:26:29:22:10:3,,,,1.0,,,
553,INGENIERIA EN COMPUTACION E INFORMATICA,5,0,0,0,2,14,:23:32,,,,1.0,,,
554,INGENIERIA CIVIL INDUSTRIAL,14,0,0,0,8,8,:25:17:4:26:29:23:0:22,,,,1.0,,,
555,INGENIERIA CIVIL INDUSTRIAL,12,0,0,0,7,9,:25:17:4:26:29:23:0,,,,1.0,,,
556,INGENIERIA CIVIL INDUSTRIAL,15,0,0,0,8,8,:17:4:29:23:0:22:32:18,,,,1.0,,,
557,INGENIERIA CIVIL INDUSTRIAL,12,0,0,0,7,9,:25:17:4:26:29:23:22,,,,1.0,,,
558,INGENIERIA EN COMPUTACION E INFORMATICA,4,0,0,0,3,13,:25:17:22,,,,1.0,,,
559,INGENIERIA CIVIL INDUSTRIAL,3,0,0,0,3,13,:25:17:4,,,,1.0,,,
560,INGENIERIA EN COMPUTACION E INFORMATICA,27,0,0,0,14,2,:25:17:4:26:29:23:0:22:10:7:32:13:18:35,,,,1.0,,,
561,INGENIERIA CIVIL INDUSTRIAL,10,0,0,0,5,11,:17:4:23:3:35,,,,1.0,,,
562,INGENIERIA CIVIL INDUSTRIAL,18,0,0,0,10,6,:25:17:4:26:29:23:0:10:3:35,,,,1.0,,,
563,INGENIERIA CIVIL INDUSTRIAL,0,0,0,0,0,0,,,,,1.0,,,
564,INGENIERIA CIVIL INDUSTRIAL,19,0,0,0,10,6,:25:17:4:26:23:22:10:32:13:18,,,,1.0,,,
565,INGENIERIA EN COMPUTACION E INFORMATICA,15,0,0,0,9,22,:25:17:4:26:29:23:0:22:10,,,,1.0,,,
566,INGENIERIA CIVIL INFORMATICA,32,0,0,0,16,15,:25:17:4:26:29:23:0:22:10:3:42:7:32:13:18:35,,,,1.0,,,
567,INGENIERIA EN COMPUTACION E INFORMATICA,7,0,0,0,5,11,:25:17:4:26:29,,,,1.0,,,
568,INGENIERIA CIVIL INDUSTRIAL,12,0,0,0,7,24,:25:17:26:23:0:10:3,,,,1.0,,,
569,INGENIERIA EN COMPUTACION E INFORMATICA,25,0,0,0,13,3,:25:17:4:26:23:0:22:10:7:32:13:18:35,,,,1.0,,,
570,INGENIERIA CIVIL INDUSTRIAL,13,0,0,0,7,9,:25:17:4:26:23:22:42,,,,1.0,,,
571,INGENIERIA CIVIL INDUSTRIAL,2,0,0,0,2,14,:17:4,,,,1.0,,,
572,INGENIERIA CIVIL INDUSTRIAL,12,0,0,0,7,9,:17:26:29:22:10:7:35,,,,1.0,,,
573,INGENIERIA EN COMPUTACION E INFORMATICA,13,0,0,0,8,23,:25:17:4:26:29:23:0:10,,,,1.0,,,
574,INGENIERIA CIVIL INDUSTRIAL,15,0,0,0,8,23,:17:4:29:23:0:22:32:18,,,,1.0,,,
575,INGENIERIA CIVIL INDUSTRIAL,15,0,0,0,9,7,:25:17:4:26:29:23:0:22:10,,,,1.0,,,
576,INGENIERIA EN COMPUTACION E INFORMATICA,0,0,0,0,0,0,,,,,1.0,,,
577,INGENIERIA EN COMPUTACION E INFORMATICA,0,0,0,0,0,0,,,,,1.0,,,
578,INGENIERIA CIVIL INDUSTRIAL,12,0,0,0,7,9,:25:17:4:26:29:23:22,,,,1.0,,,
579,INGENIERIA CIVIL INDUSTRIAL,15,0,0,0,8,23,:17:4:29:23:0:22:32:18,,,,1.0,,,
580,INGENIERIA CIVIL INDUSTRIAL,0,0,0,0,0,0,,,,,1.0,,,
581,INGENIERIA CIVIL INDUSTRIAL,7,0,0,0,5,11,:25:17:4:26:29,,,,1.0,,,
582,INGENIERIA EN COMPUTACION E INFORMATICA,0,0,0,0,0,0,,,,,1.0,,,
583,INGENIERIA CIVIL INDUSTRIAL,13,0,0,0,7,9,:17:4:29:23:0:22:18,,,,1.0,,,
584,INGENIERIA CIVIL INDUSTRIAL,10,0,0,0,7,9,:25:17:4:26:29:22:7,,,,1.0,,,
585,INGENIERIA INDUSTRIAL,5,0,0,0,4,12,:25:17:4:26,,,,1.0,,,
586,INGENIERIA CIVIL INDUSTRIAL,10,0,0,0,6,10,:25:17:4:26:23:22,,,,1.0,,,
587,INGENIERIA EN COMPUTACION E INFORMATICA,0,0,0,0,0,16,,,,,1.0,,,
588,INGENIERIA CIVIL INDUSTRIAL,13,0,0,0,8,23,:25:17:4:26:23:0:10:3,,,,1.0,,,
589,INGENIERIA EN COMPUTACION E INFORMATICA,12,0,0,0,7,9,:25:17:4:26:29:23:22,,,,1.0,,,
590,INGENIERIA CIVIL INDUSTRIAL,10,0,0,0,6,10,:25:17:4:26:23:22,,,,1.0,,,
591,INGENIERIA CIVIL INDUSTRIAL,12,0,0,0,8,8,:25:17:4:26:29:22:10:3,,,,1.0,,,
592,INGENIERIA EN COMPUTACION E INFORMATICA,20,0,0,0,10,6,:25:17:4:26:29:23:0:22:32:13,,,,1.0,,,
593,INGENIERIA CIVIL INDUSTRIAL,7,0,0,0,5,26,:25:17:4:22:3,,,,1.0,,,
594,INGENIERIA CIVIL INFORMATICA,9,0,0,0,6,25,:25:17:4:26:29:22,,,,1.0,,,
595,INGENIERIA CIVIL INDUSTRIAL,10,0,0,0,6,10,:25:17:4:26:29:23,,,,1.0,,,
596,INGENIERIA EN COMPUTACION E INFORMATICA,3,0,0,0,3,13,:25:17:4,,,,1.0,,,
597,INGENIERIA CIVIL INDUSTRIAL,12,0,0,0,7,9,:25:17:4:26:29:23:0,,,,1.0,,,
598,INGENIERIA INDUSTRIAL,6,0,0,0,4,27,:25:17:26:32,,,,1.0,,,
599,INGENIERIA CIVIL INDUSTRIAL,0,0,0,0,0,0,,,,,1.0,,,
600,INGENIERIA CIVIL INDUSTRIAL,0,0,0,0,0,0,,,,,1.0,,,
601,ED. CONTINUA - ECONOMIA Y NEG,12,0,0,0,7,24,:25:17:4:26:29:23:0,,,,1.0,,,
602,INGENIERIA INDUSTRIAL,0,0,0,0,0,0,,,,,1.0,,,
603,INGENIERIA CIVIL INDUSTRIAL,0,0,0,0,0,0,,,,,1.0,,,
604,INGENIERIA CIVIL INDUSTRIAL,0,0,0,0,0,0,,,,,1.0,,,
605,INGENIERIA CIVIL INDUSTRIAL,7,0,0,0,5,11,:25:17:4:22:32,,,,1.0,,,
606,INGENIERIA CIVIL INFORMATICA,32,0,0,0,16,15,:25:17:4:26:29:23:0:22:10:3:42:7:32:13:18:35,,,,1.0,,,
607,INGENIERIA CIVIL INDUSTRIAL,0,0,0,0,0,0,,,,,1.0,,,
608,INGENIERIA CIVIL INDUSTRIAL,29,0,0,0,15,16,:25:17:4:26:29:0:22:10:3:42:7:32:13:18:35,,,,1.0,,,
609,INGENIERIA EN COMPUTACION E INFORMATICA,16,0,0,0,8,8,:25:17:4:26:29:23:32:13,,,,1.0,,,
610,INGENIERIA EN COMPUTACION E INFORMATICA,0,0,0,0,0,0,,,,,1.0,,,
611,INGENIERIA EN COMPUTACION E INFORMATICA,0,0,0,0,0,0,,,,,1.0,,,
612,INGENIERIA EN COMPUTACION E INFORMATICA,0,0,0,0,0,0,,,,,1.0,,,
613,INGENIERIA CIVIL INDUSTRIAL,0,0,0,0,0,0,,,,,1.0,,,
614,INGENIERIA CIVIL INDUSTRIAL,0,0,0,0,0,0,,,,,1.0,,,
615,INGENIERIA INDUSTRIAL,0,0,0,0,0,0,,,,,1.1,,,
616,INGENIERIA EN COMPUTACION E INFORMATICA,0,0,0,0,0,0,,,,,1.1,,,
617,INGENIERIA INDUSTRIAL,21,0,0,0,11,5,:25:17:4:29:23:0:22:10:3:42:35,,,,1.1,,,
618,INGENIERIA INDUSTRIAL,0,0,0,0,0,16,,,,,1.1,,,
619,INGENIERIA EN COMPUTACION E INFORMATICA,0,0,0,0,0,0,,,,,1.2,,,
620,INGENIERIA EN COMPUTACION E INFORMATICA,0,0,0,0,0,31,,,,,1.3,,,
621,INGENIERIA CIVIL INFORMATICA,1,0,0,0,1,30,:17,,,,1.4,,,
622,INGENIERIA EN COMPUTACION E INFORMATICA,2,0,0,0,2,29,:25:4,,,,1.5,,,
623,INGENIERIA INDUSTRIAL,4,4,0,0,6,41,:25:17:17:4,:6:44,,,1.5,,,
624,INGENIERIA CIVIL INDUSTRIAL,12,0,0,0,7,24,:25:17:4:29:23:0:22,,,,1.6,,,
625,INGENIERIA INDUSTRIAL,0,0,0,0,0,0,,,,,1.6,,,
626,INGENIERIA CIVIL INDUSTRIAL,26,0,0,0,14,17,:25:17:4:26:29:23:0:22:10:3:42:7:18:35,,,,1.6,,,
627,INGENIERIA CIVIL INDUSTRIAL,8,0,0,0,6,10,:25:17:4:26:29:10,,,,1.6,,,
628,INGENIERIA EN COMPUTACION E INFORMATICA,0,0,0,0,0,16,,,,,1.6,,,
629,INGENIERIA CIVIL INDUSTRIAL,12,0,0,0,8,8,:25:17:4:26:29:0:22:10,,,,1.6,,,
630,INGENIERIA CIVIL INDUSTRIAL,0,0,0,0,0,47,,,,,1.6,,,
631,INGENIERIA EN COMPUTACION E INFORMATICA,10,6,0,0,9,38,:25:17:4:23:10:35,:6:1:44,,,1.6,,,
632,INGENIERIA CIVIL INDUSTRIAL,0,0,0,0,0,0,,,,,1.6,,,
633,INGENIERIA EN COMPUTACION E INFORMATICA,0,0,0,0,0,0,,,,,1.6,,,
634,INGENIERIA EN COMPUTACION E INFORMATICA,0,0,0,0,0,16,,,,,1.6,,,
635,INGENIERIA EN COMPUTACION E INFORMATICA,0,0,0,0,0,31,,,,,1.6,,,
636,INGENIERIA EN COMPUTACION E INFORMATICA,0,0,0,0,0,16,,,,,1.6,,,
637,INGENIERIA CIVIL INFORMATICA,32,0,0,0,16,15,:25:17:4:26:29:23:0:22:10:3:42:7:32:13:18:35,,,,1.6,,,
638,INGENIERIA CIVIL INFORMATICA,12,0,0,0,7,9,:25:17:4:26:29:23:22,,,,1.6,,,
639,INGENIERIA CIVIL INDUSTRIAL,7,0,0,0,5,26,:25:17:4:26:29,,,,1.6,,,
640,INGENIERIA EN COMPUTACION E INFORMATICA,13,0,0,0,6,10,:17:4:32:13:18:35,,,,1.7,,,
641,INGENIERIA EN COMPUTACION E INFORMATICA,10,0,0,0,6,10,:25:26:29:0:22:10,,,,1.7,,,
642,INGENIERIA CIVIL INDUSTRIAL,0,0,0,0,0,16,,,,,1.7,,,
643,INGENIERIA EN COMPUTACION E INFORMATICA,0,0,0,0,0,16,,,,,1.7,,,
644,INGENIERIA EN COMPUTACION E INFORMATICA,7,0,0,0,5,26,:25:17:4:26:29,,,,1.7,,,
645,INGENIERIA INDUSTRIAL,0,0,0,0,0,16,,,,,1.8,,,
646,INGENIERIA CIVIL INDUSTRIAL,15,0,0,0,8,8,:25:17:4:29:23:22:42:32,,,,1.8,,,
647,INGENIERIA CIVIL INFORMATICA,26,0,0,0,14,17,:25:17:4:26:29:23:0:22:10:3:42:7:18:35,,,,1.8,,,
648,INGENIERIA EN COMPUTACION E INFORMATICA,4,0,0,0,3,13,:25:4:26,,,,1.8,,,
649,INGENIERIA CIVIL INDUSTRIAL,7,0,0,0,4,12,:25:4:23:3,,,,1.8,,,
650,INGENIERIA EN COMPUTACION E INFORMATICA,5,0,0,0,4,12,:25:17:4:26,,,,1.8,,,
651,INGENIERIA CIVIL INDUSTRIAL,0,0,0,0,0,0,,,,,1.9,,,
652,INGENIERIA EN COMPUTACION E INFORMATICA,15,0,0,0,9,7,:25:17:4:26:29:23:0:22:10,,,,1.9,,,
653,INGENIERIA EN COMPUTACION E INFORMATICA,2,0,0,0,2,14,:17:4,,,,2.0,,,
654,INGENIERIA CIVIL INDUSTRIAL,16,0,0,0,9,7,:25:17:4:26:29:23:0:22:3,,,,2.0,,,
655,INGENIERIA CIVIL INDUSTRIAL,0,0,0,0,0,0,,,,,2.0,,,
656,INGENIERIA EN COMPUTACION E INFORMATICA,1,0,0,0,1,15,:4,,,,2.0,,,
657,INGENIERIA INDUSTRIAL,4,0,0,0,3,13,:25:17:26,,,,2.1,,,
658,INGENIERIA CIVIL INFORMATICA,0,0,0,0,0,0,,,,,2.1,,,
659,INGENIERIA EN COMPUTACION E INFORMATICA,17,0,0,0,10,21,:25:17:4:26:29:23:0:22:10:18,,,,2.1,,,
660,INGENIERIA EN COMPUTACION E INFORMATICA,21,0,0,0,11,5,:17:4:26:29:23:0:22:10:7:32:13,,,,2.1,,,
661,INGENIERIA EN COMPUTACION E INFORMATICA,6,0,0,0,4,12,:25:17:4:42,,,,2.1,,,
662,INGENIERIA EN COMPUTACION E INFORMATICA,11,0,0,0,6,26,:4:26:0:10:3:42,,,,2.2,,,
663,INGENIERIA CIVIL INDUSTRIAL,0,0,0,0,0,16,,,,,2.2,,,
664,INGENIERIA CIVIL INDUSTRIAL,5,0,0,0,3,13,:25:26:22,,,,2.2,,,
665,INGENIERIA CIVIL INDUSTRIAL,0,0,0,0,0,0,,,,,2.2,,,
666,INGENIERIA CIVIL INDUSTRIAL,3,0,0,0,3,13,:25:17:4,,,,2.2,,,
667,INGENIERIA INDUSTRIAL,23,0,0,0,12,19,:25:17:4:26:29:23:0:22:10:3:42:35,,,,2.2,,,
668,INGENIERIA CIVIL INDUSTRIAL,8,0,0,0,6,25,:25:17:4:26:22:10,,,,2.2,,,
669,INGENIERIA CIVIL INDUSTRIAL,8,0,0,0,6,10,:25:17:4:26:0:10,,,,2.2,,,
670,INGENIERIA INDUSTRIAL,26,0,0,0,13,3,:25:17:4:26:29:23:0:22:10:3:42:32:13,,,,2.2,,,
671,INGENIERIA CIVIL INDUSTRIAL,0,0,0,0,0,16,,,,,2.2,,,
672,INGENIERIA EN COMPUTACION E INFORMATICA,0,0,0,0,0,0,,,,,2.2,,,
673,INGENIERIA EN COMPUTACION E INFORMATICA,0,0,0,0,0,0,,,,,2.2,,,
674,INGENIERIA CIVIL INDUSTRIAL,2,0,0,0,1,30,:22,,,,2.2,,,
675,INGENIERIA CIVIL INFORMATICA,16,0,0,0,8,23,:25:17:26:29:23:3:42:18,,,,2.2,,,
676,INGENIERIA EN COMPUTACION E INFORMATICA,3,0,0,0,3,13,:25:17:4,,,,2.2,,,
677,INGENIERIA CIVIL INDUSTRIAL,7,0,0,0,5,11,:25:17:4:22:3,,,,2.2,,,
678,INGENIERIA EN COMPUTACION E INFORMATICA,0,0,0,0,0,0,,,,,2.2,,,
679,INGENIERIA CIVIL INFORMATICA,8,0,0,0,5,11,:25:17:4:26:23,,,,2.2,,,
680,INGENIERIA EN COMPUTACION E INFORMATICA,0,0,0,0,0,0,,,,,2.2,,,
681,INGENIERIA EN COMPUTACION E INFORMATICA,0,0,0,0,0,0,,,,,2.2,,,
682,INGENIERIA EN COMPUTACION E INFORMATICA,5,0,0,0,4,27,:25:17:4:26,,,,2.2,,,
683,INGENIERIA EN COMPUTACION E INFORMATICA,25,0,0,0,14,17,:25:17:4:26:29:23:0:22:10:3:7:32:18:35,,,,2.2,,,
684,INGENIERIA CIVIL INDUSTRIAL,0,0,0,0,0,0,,,,,2.2,,,
685,INGENIERIA CIVIL INDUSTRIAL,0,0,0,0,0,0,,,,,2.2,,,
686,INGENIERIA CIVIL INDUSTRIAL,1,0,0,0,1,15,:17,,,,2.2,,,
687,INGENIERIA EN COMPUTACION E INFORMATICA,15,0,0,0,9,7,:25:17:4:26:29:23:0:22:10,,,,2.2,,,
688,INGENIERIA CIVIL INDUSTRIAL,8,0,0,0,5,26,:25:17:4:23:22,,,,2.2,,,
689,INGENIERIA EN COMPUTACION E INFORMATICA,20,0,0,0,11,5,:25:17:4:26:29:23:0:22:10:3:42,,,,2.2,,,
690,INGENIERIA CIVIL INDUSTRIAL,11,0,0,0,6,10,:25:4:26:23:10:42,,,,2.2,,,
691,INGENIERIA CIVIL INDUSTRIAL,10,0,0,0,6,25,:25:17:4:22:3:35,,,,2.2,,,
692,INGENIERIA CIVIL INDUSTRIAL,8,0,0,0,4,27,:25:26:22:35,,,,2.2,,,
693,INGENIERIA CIVIL INDUSTRIAL,15,0,0,0,9,22,:25:17:4:26:29:23:0:22:10,,,,2.2,,,
694,INGENIERIA CIVIL INFORMATICA,0,0,0,0,0,0,,,,,2.2,,,
695,INGENIERIA EN COMPUTACION E INFORMATICA,8,0,0,0,5,26,:25:17:23:22:10,,,,2.2,,,
696,INGENIERIA CIVIL INDUSTRIAL,10,0,0,0,7,9,:25:17:4:26:29:22:10,,,,2.2,,,
697,INGENIERIA CIVIL INDUSTRIAL,0,0,0,0,0,0,,,,,2.2,,,
698,INGENIERIA EN COMPUTACION E INFORMATICA,28,0,0,0,15,16,:25:17:4:26:29:23:0:22:10:3:42:7:32:18:35,,,,2.2,,,
699,INGENIERIA EN COMPUTACION E INFORMATICA,17,0,0,0,10,6,:25:17:4:26:29:23:0:22:10:18,,,,2.2,,,
700,INGENIERIA CIVIL INDUSTRIAL,8,0,0,0,4,12,:25:26:22:35,,,,2.2,,,
701,INGENIERIA CIVIL INFORMATICA,2,0,0,0,2,14,:25:4,,,,2.2,,,
702,INGENIERIA CIVIL INFORMATICA,25,0,0,0,12,19,:25:17:26:29:0:22:42:7:32:13:18:35,,,,2.2,,,
703,INGENIERIA CIVIL INDUSTRIAL,10,0,0,0,6,10,:25:17:4:26:23:22,,,,2.2,,,
704,INGENIERIA CIVIL INDUSTRIAL,0,0,0,0,0,0,,,,,2.2,,,
705,INGENIERIA EN COMPUTACION E INFORMATICA,0,0,0,0,0,0,,,,,2.2,,,
706,INGENIERIA INDUSTRIAL,5,0,0,0,4,12,:25:17:4:26,,,,2.4,,,
707,INGENIERIA CIVIL INDUSTRIAL,0,0,0,0,0,0,,,,,2.4,,,
708,INGENIERIA EN COMPUTACION E INFORMATICA,29,0,0,0,15,16,:25:17:4:26:29:23:0:22:10:3:42:7:32:13:18,,,,2.4,,,
709,INGENIERIA EN COMPUTACION E INFORMATICA,4,0,0,0,3,28,:25:17:22,,,,2.4,,,
710,INGENIERIA EN COMPUTACION E INFORMATICA,0,0,0,0,0,16,,,,,2.4,,,
711,INGENIERIA CIVIL INFORMATICA,11,0,0,0,6,25,:25:17:4:22:32:13,,,,2.4,,,
712,INGENIERIA CIVIL INDUSTRIAL,0,0,0,0,0,16,,,,,2.4,,,
713,INGENIERIA CIVIL INFORMATICA,4,0,0,0,3,13,:25:17:32,,,,2.4,,,
714,INGENIERIA CIVIL INFORMATICA,3,0,0,0,3,13,:25:17:4,,,,2.4,,,
715,INGENIERIA EN COMPUTACION E INFORMATICA,29,0,0,0,14,17,:25:17:4:26:29:23:0:22:10:3:42:13:18:35,,,,2.4,,,
716,INGENIERIA CIVIL INFORMATICA,12,0,0,0,9,38,:25:17:17:4:4:29:0:22:3,,,,2.4,,,
717,INGENIERIA CIVIL INDUSTRIAL,19,0,0,0,11,5,:25:17:4:26:29:23:0:22:10:3:18,,,,2.4,,,
718,INGENIERIA CIVIL INDUSTRIAL,19,0,0,0,11,5,:25:17:4:26:29:23:0:22:10:3:18,,,,2.4,,,
719,INGENIERIA CIVIL INDUSTRIAL,17,0,0,0,10,6,:25:17:4:26:29:23:0:22:10:3,,,,2.5,,,
720,INGENIERIA CIVIL INDUSTRIAL,10,0,0,0,7,9,:25:17:4:22:10:3:18,,,,2.5,,,
721,INGENIERIA INDUSTRIAL,21,0,0,0,12,4,:25:17:4:26:29:0:22:10:3:42:7:35,,,,2.5,,,
722,INGENIERIA INDUSTRIAL,15,0,0,0,9,7,:25:17:4:26:29:23:0:22:10,,,,2.5,,,
723,INGENIERIA INDUSTRIAL,0,0,0,0,0,0,,,,,2.5,,,
724,INGENIERIA EN COMPUTACION E INFORMATICA,7,0,0,0,5,26,:25:17:4:26:29,,,,2.5,,,
725,INGENIERIA CIVIL INDUSTRIAL,0,0,0,0,0,31,,,,,2.5,,,
726,INGENIERIA EN COMPUTACION E INFORMATICA,32,0,0,0,16,0,:25:17:4:26:29:23:0:22:10:3:42:7:32:13:18:35,,,,2.5,,,
727,INGENIERIA CIVIL INDUSTRIAL,13,0,0,0,8,23,:17:4:26:29:0:22:10:3,,,,2.5,,,
728,INGENIERIA EN COMPUTACION E INFORMATICA,18,0,0,0,10,21,:25:17:4:23:0:22:10:7:32:13,,,,2.5,,,
729,INGENIERIA EN COMPUTACION E INFORMATICA,42,12,0,0,26,37,:25:25:17:17:4:4:26:29:29:23:0:22:10:3:42:7:7:32:13:13:18:35,:6:1:28:12,,,2.5,,,
730,INGENIERIA INDUSTRIAL,3,0,0,0,3,13,:25:17:4,,,,2.5,,,
731,INGENIERIA CIVIL INDUSTRIAL,11,0,0,0,7,9,:25:17:4:23:22:10:3,,,,2.6,,,
732,INGENIERIA CIVIL INDUSTRIAL,10,0,0,0,7,24,:25:17:4:26:29:22:10,,,,2.6,,,
733,INGENIERIA EN COMPUTACION E INFORMATICA,1,0,0,0,1,15,:17,,,,2.6,,,
734,INGENIERIA CIVIL INDUSTRIAL,7,0,0,0,5,11,:25:17:4:26:22,,,,2.6,,,
735,INGENIERIA CIVIL INFORMATICA,0,0,0,0,0,0,,,,,2.6,,,
736,INGENIERIA CIVIL INDUSTRIAL,0,0,0,0,0,16,,,,,2.6,,,
737,INGENIERIA CIVIL INFORMATICA,2,0,0,0,2,14,:25:17,,,,2.6,,,
738,INGENIERIA INDUSTRIAL,20,0,0,0,11,5,:25:17:4:26:29:23:0:22:10:3:42,,,,2.6,,,
739,INGENIERIA EN COMPUTACION E INFORMATICA,27,0,0,0,14,2,:25:17:4:26:29:23:0:22:10:7:32:13:18:35,,,,2.7,,,
740,INGENIERIA CIVIL INFORMATICA,3,0,0,0,3,13,:25:17:4,,,,2.7,,,
741,INGENIERIA CIVIL INDUSTRIAL,13,0,0,0,8,23,:25:17:4:26:23:0:22:10,,,,2.7,,,
742,INGENIERIA CIVIL INDUSTRIAL,2,0,0,0,2,14,:17:4,,,,2.7,,,
743,INGENIERIA CIVIL INDUSTRIAL,27,0,0,0,14,2,:25:17:4:26:29:23:0:22:10:7:32:13:18:35,,,,2.7,,,
744,INGENIERIA EN COMPUTACION E INFORMATICA,14,0,0,0,8,8,:25:17:26:29:23:0:22:10,,,,2.7,,,
745,INGENIERIA CIVIL INDUSTRIAL,11,0,0,0,7,9,:25:17:4:26:29:22:3,,,,2.7,,,
746,INGENIERIA CIVIL INDUSTRIAL,23,0,0,0,13,18,:25:17:4:26:29:23:0:22:10:3:7:18:35,,,,2.8,,,
747,INGENIERIA CIVIL INDUSTRIAL,2,0,0,0,2,14,:25:17,,,,2.8,,,
748,INGENIERIA CIVIL INDUSTRIAL,0,0,0,0,0,16,,,,,2.8,,,
749,INGENIERIA CIVIL INDUSTRIAL,11,0,0,0,7,9,:25:17:4:26:23:10:3,,,,2.8,,,
750,INGENIERIA CIVIL INDUSTRIAL,0,0,0,0,0,0,,,,,2.8,,,
751,INGENIERIA EN COMPUTACION E INFORMATICA,2,0,0,0,1,15,:18,,,,2.8,,,
752,INGENIERIA CIVIL INDUSTRIAL,25,0,0,0,13,3,:25:17:4:26:29:23:0:22:10:3:42:18:35,,,,2.8,,,
753,INGENIERIA EN COMPUTACION E INFORMATICA,0,0,0,0,0,0,,,,,2.8,,,
754,INGENIERIA CIVIL INDUSTRIAL,0,0,0,0,0,0,,,,,2.8,,,
755,INGENIERIA CIVIL INFORMATICA,0,0,0,0,0,0,,,,,2.8,,,
756,INGENIERIA CIVIL INDUSTRIAL,18,0,0,0,10,21,:25:17:4:26:23:0:22:10:3:35,,,,2.8,,,
757,INGENIERIA EN COMPUTACION E INFORMATICA,0,0,0,0,0,16,,,,,2.8,,,
758,INGENIERIA CIVIL INDUSTRIAL,0,0,0,0,0,16,,,,,2.8,,,
759,INGENIERIA CIVIL INDUSTRIAL,0,0,0,0,0,16,,,,,2.8,,,
760,INGENIERIA CIVIL INFORMATICA,10,0,0,0,6,10,:25:17:4:23:22:32,,,,2.8,,,
761,INGENIERIA CIVIL INDUSTRIAL,10,0,0,0,7,9,:25:17:4:26:29:22:10,,,,2.8,,,
762,INGENIERIA CIVIL INFORMATICA,32,0,0,0,16,0,:25:17:4:26:29:23:0:22:10:3:42:7:32:13:18:35,,,,2.8,,,
763,INGENIERIA EN COMPUTACION E INFORMATICA,24,0,0,0,13,3,:25:17:4:26:29:23:0:22:10:7:32:13:18,,,,2.8,,,
764,INGENIERIA INDUSTRIAL,13,0,0,0,7,9,:4:26:29:23:0:22:10,,,,2.8,,,
765,INGENIERIA CIVIL INDUSTRIAL,0,0,0,0,0,16,,,,,2.8,,,
766,INGENIERIA EN COMPUTACION E INFORMATICA,12,0,0,0,8,8,:25:17:4:26:29:0:22:10,,,,2.8,,,
767,INGENIERIA CIVIL INFORMATICA,21,0,0,0,11,5,:25:4:26:29:0:22:10:3:32:13:18,,,,2.8,,,
768,INGENIERIA CIVIL INDUSTRIAL,7,0,0,0,5,11,:25:17:4:29:22,,,,2.8,,,
769,INGENIERIA CIVIL INFORMATICA,0,0,0,0,0,0,,,,,2.8,,,
770,INGENIERIA CIVIL INFORMATICA,3,0,0,0,3,13,:17:4:7,,,,2.8,,,
771,INGENIERIA CIVIL INDUSTRIAL,0,0,0,0,0,0,,,,,2.8,,,
772,INGENIERIA CIVIL INDUSTRIAL,2,0,0,0,2,14,:17:4,,,,2.8,,,
773,INGENIERIA CIVIL INFORMATICA,19,0,0,0,10,21,:25:17:4:26:29:23:22:3:42:18,,,,2.8,,,
774,INGENIERIA EN COMPUTACION E INFORMATICA,0,0,0,0,0,0,,,,,2.8,,,
775,INGENIERIA CIVIL INFORMATICA,20,0,0,0,10,6,:25:17:4:26:29:23:0:22:13:18,,,,2.8,,,
776,INGENIERIA CIVIL INDUSTRIAL,0,0,0,0,0,16,,,,,2.8,,,
777,INGENIERIA CIVIL INDUSTRIAL,17,0,0,0,10,6,:25:17:4:26:29:23:0:22:10:18,,,,2.8,,,
778,INGENIERIA CIVIL INDUSTRIAL,7,0,0,0,4,12,:25:4:29:23,,,,2.8,,,
779,INGENIERIA CIVIL INFORMATICA,3,0,0,0,1,30,:42,,,,2.8,,,
780,INGENIERIA EN COMPUTACION E INFORMATICA,15,0,0,0,9,7,:25:17:4:26:29:23:0:22:10,,,,2.8,,,
781,INGENIERIA CIVIL INDUSTRIAL,13,0,0,0,7,9,:25:17:4:29:23:22:35,,,,2.8,,,
782,INGENIERIA CIVIL INDUSTRIAL,0,0,0,0,0,16,,,,,2.8,,,
783,INGENIERIA CIVIL INDUSTRIAL,10,0,0,0,6,10,:25:17:4:26:29:23,,,,2.8,,,
784,INGENIERIA CIVIL INFORMATICA,0,0,0,0,0,0,,,,,2.8,,,
785,INGENIERIA EN COMPUTACION E INFORMATICA,23,0,0,0,12,4,:25:17:4:26:29:23:0:22:10:32:13:18,,,,2.9,,,
786,INGENIERIA CIVIL INDUSTRIAL,0,0,0,0,0,0,,,,,3.0,,,
787,INGENIERIA CIVIL INDUSTRIAL,7,0,0,0,5,11,:25:17:4:23:10,,,,3.0,,,
788,INGENIERIA CIVIL INDUSTRIAL,11,0,0,0,7,9,:25:17:4:26:23:10:3,,,,3.0,,,
789,INGENIERIA CIVIL INDUSTRIAL,0,0,0,0,0,0,,,,,3.0,,,
790,INGENIERIA CIVIL INDUSTRIAL,12,0,0,0,7,24,:25:17:4:26:29:23:22,,,,3.0,,,
791,INGENIERIA CIVIL INDUSTRIAL,10,0,0,0,7,24,:25:17:4:29:0:22:10,,,,3.0,,,
792,INGENIERIA EN COMPUTACION E INFORMATICA,0,0,0,0,0,0,,,,,3.0,,,
793,INGENIERIA CIVIL INDUSTRIAL,5,0,0,0,4,12,:25:17:4:22,,,,3.0,,,
794,INGENIERIA CIVIL INFORMATICA,12,0,0,0,7,24,:25:17:4:26:29:23:0,,,,3.0,,,
795,INGENIERIA CIVIL INFORMATICA,15,0,0,0,9,7,:25:17:4:26:29:23:0:22:7,,,,3.0,,,
796,INGENIERIA CIVIL INDUSTRIAL,22,0,0,0,12,4,:25:17:4:26:29:23:0:22:10:3:42:32,,,,3.1,,,
797,INGENIERIA CIVIL INDUSTRIAL,8,0,0,0,6,10,:25:17:4:22:10:3,,,,3.1,,,
798,INGENIERIA CIVIL INDUSTRIAL,32,0,0,0,16,15,:25:17:4:26:29:23:0:22:10:3:42:7:32:13:18:35,,,,3.1,,,
799,INGENIERIA CIVIL INDUSTRIAL,7,0,0,0,4,12,:17:4:23:22,,,,3.1,,,
800,INGENIERIA CIVIL INFORMATICA,30,0,0,0,15,16,:25:17:4:26:29:23:0:22:10:3:42:7:32:13:35,,,,3.1,,,
801,INGENIERIA CIVIL INFORMATICA,26,0,0,0,12,4,:25:26:23:0:10:3:42:7:32:13:18:35,,,,3.1,,,
802,INGENIERIA CIVIL INFORMATICA,18,0,0,0,9,7,:25:4:0:10:42:7:32:13:35,,,,3.1,,,
803,INGENIERIA EN COMPUTACION E INFORMATICA,13,0,0,0,6,10,:17:4:32:13:18:35,,,,3.1,,,
804,INGENIERIA EN COMPUTACION E INFORMATICA,15,0,0,0,9,22,:25:17:4:26:29:23:0:22:10,,,,3.1,,,
805,INGENIERIA CIVIL INDUSTRIAL,13,0,0,0,8,8,:25:17:4:26:29:23:22:10,,,,3.2,,,
806,INGENIERIA EN COMPUTACION E INFORMATICA,31,0,0,0,15,16,:25:17:4:26:29:23:0:22:3:42:7:32:13:18:35,,,,3.2,,,
807,INGENIERIA EN COMPUTACION E INFORMATICA,24,0,0,0,13,3,:25:17:4:26:29:23:0:22:10:7:32:13:18,,,,3.2,,,
808,INGENIERIA CIVIL INFORMATICA,14,0,0,0,8,23,:25:17:4:23:22:10:3:42,,,,3.2,,,
809,INGENIERIA CIVIL INDUSTRIAL,20,0,0,0,11,5,:25:17:4:26:29:23:0:22:10:3:42,,,,3.2,,,
810,INGENIERIA CIVIL INDUSTRIAL,10,0,0,0,7,9,:25:17:4:26:29:22:10,,,,3.2,,,
811,INGENIERIA EN COMPUTACION E INFORMATICA,7,0,0,0,5,11,:25:17:4:29:22,,,,3.2,,,
812,INGENIERIA EN COMPUTACION E INFORMATICA,10,0,0,0,6,10,:25:17:22:10:3:42,,,,3.2,,,
813,INGENIERIA INDUSTRIAL,13,0,0,0,8,8,:25:17:4:26:29:23:22:10,,,,3.2,,,
814,INGENIERIA EN COMPUTACION E INFORMATICA,0,0,0,0,0,0,,,,,3.3,,,
815,INGENIERIA CIVIL INDUSTRIAL,10,0,0,0,6,10,:25:17:4:26:29:23,,,,3.3,,,
816,BACHILLERATO EN CIENCIAS,20,0,0,0,11,5,:25:17:4:26:29:23:0:22:10:3:42,,,,3.3,,,
817,INGENIERIA CIVIL INDUSTRIAL,6,0,0,0,4,12,:25:17:26:29,,,,3.3,,,
818,INGENIERIA CIVIL INDUSTRIAL,7,0,0,0,5,11,:25:17:4:26:29,,,,3.3,,,
819,INGENIERIA CIVIL INDUSTRIAL,14,0,0,0,8,8,:25:17:4:26:29:23:0:22,,,,3.4,,,
820,INGENIERIA CIVIL INDUSTRIAL,28,0,0,0,15,16,:25:17:4:26:29:23:0:22:10:3:42:7:32:18:35,,,,3.4,,,
821,INGENIERIA CIVIL INDUSTRIAL,25,0,0,0,13,3,:25:17:4:26:29:23:0:22:10:3:42:18:35,,,,3.4,,,
822,INGENIERIA CIVIL INDUSTRIAL,13,0,0,0,8,8,:25:17:4:26:29:23:0:10,,,,3.4,,,
823,INGENIERIA CIVIL INDUSTRIAL,2,0,0,0,2,14,:25:4,,,,3.4,,,
824,INGENIERIA CIVIL INDUSTRIAL,22,0,0,0,11,5,:25:17:4:26:29:23:0:22:42:32:35,,,,3.4,,,
825,INGENIERIA CIVIL INFORMATICA,13,0,0,0,8,8,:25:17:4:26:29:0:22:18,,,,3.4,,,
826,INGENIERIA EN COMPUTACION E INFORMATICA,18,0,0,0,10,6,:25:17:4:26:29:23:22:10:18:35,,,,3.4,,,
827,INGENIERIA CIVIL INFORMATICA,31,0,0,0,15,1,:25:17:4:26:29:23:0:22:10:3:42:32:13:18:35,,,,3.4,,,
828,INGENIERIA CIVIL INDUSTRIAL,7,0,0,0,5,26,:25:17:4:29:22,,,,3.4,,,
829,INGENIERIA EN COMPUTACION E INFORMATICA,14,0,0,0,8,8,:25:17:4:26:23:0:22:32,,,,3.4,,,
830,INGENIERIA EN COMPUTACION E INFORMATICA,0,0,0,0,0,16,,,,,3.4,,,
831,BACHILLERATO EN CIENCIAS,0,0,0,0,0,16,,,,,3.4,,,
832,INGENIERIA INDUSTRIAL,20,0,0,0,11,20,:25:17:4:26:29:23:0:22:10:3:42,,,,3.4,,,
833,INGENIERIA CIVIL INDUSTRIAL,12,0,0,0,8,23,:25:17:4:26:29:0:22:10,,,,3.4,,,
834,INGENIERIA CIVIL INDUSTRIAL,12,0,0,0,7,24,:25:17:4:26:29:22:35,,,,3.4,,,
835,INGENIERIA CIVIL INDUSTRIAL,3,0,0,0,3,13,:25:17:4,,,,3.4,,,
836,INGENIERIA CIVIL INFORMATICA,5,0,0,0,4,27,:25:17:4:32,,,,3.4,,,
837,INGENIERIA EN COMPUTACION E INFORMATICA,32,32,0,0,26,5,:25:17:4:26:29:23:0:22:10:3:42:7:32:13:18:35,:6:1:44:11:37:28:12:21:38:9,,,3.4,,,
838,INGENIERIA CIVIL INFORMATICA,30,0,0,0,15,16,:25:17:4:29:23:0:22:10:3:42:7:32:13:18:35,,,,3.4,,,
839,INGENIERIA EN COMPUTACION E INFORMATICA,26,0,0,0,12,19,:25:17:4:29:23:0:22:42:32:13:18:35,,,,3.4,,,
840,INGENIERIA CIVIL INDUSTRIAL,0,0,0,0,0,0,,,,,3.4,,,
841,INGENIERIA CIVIL INDUSTRIAL,8,0,0,0,4,12,:25:26:22:35,,,,3.4,,,
842,INGENIERIA CIVIL INDUSTRIAL,10,0,0,0,7,9,:25:17:4:26:29:22:10,,,,3.4,,,
843,INGENIERIA CIVIL INDUSTRIAL,13,0,0,0,7,24,:25:17:4:29:23:22:35,,,,3.4,,,
844,INGENIERIA CIVIL INFORMATICA,24,0,0,0,12,19,:25:4:29:0:22:10:42:7:32:13:18:35,,,,3.4,,,
845,INGENIERIA CIVIL INDUSTRIAL,8,0,0,0,4,12,:25:26:22:35,,,,3.4,,,
846,INGENIERIA CIVIL INDUSTRIAL,8,0,0,0,5,11,:25:17:4:26:23,,,,3.4,,,
847,INGENIERIA CIVIL INDUSTRIAL,8,0,0,0,5,26,:25:17:4:26:23,,,,3.4,,,
848,INGENIERIA CIVIL INDUSTRIAL,17,0,0,0,10,21,:25:17:4:26:29:23:0:22:10:3,,,,3.4,,,
849,INGENIERIA CIVIL INDUSTRIAL,10,0,0,0,7,9,:25:17:4:26:22:10:3,,,,3.4,,,
850,INGENIERIA EN COMPUTACION E INFORMATICA,4,0,0,0,3,13,:25:17:29,,,,3.4,,,
851,INGENIERIA EN COMPUTACION E INFORMATICA,0,0,0,0,0,16,,,,,3.4,,,
852,INGENIERIA CIVIL INFORMATICA,8,0,0,0,5,11,:25:17:4:26:35,,,,3.4,,,
853,INGENIERIA CIVIL INDUSTRIAL,9,0,0,0,6,10,:25:17:4:26:29:22,,,,3.4,,,
854,INGENIERIA CIVIL INDUSTRIAL,15,0,0,0,9,7,:25:17:4:26:29:23:22:10:3,,,,3.4,,,
855,INGENIERIA CIVIL INFORMATICA,13,0,0,0,8,8,:17:4:26:29:0:22:10:18,,,,3.4,,,
856,INGENIERIA INDUSTRIAL,24,0,0,0,12,19,:25:17:4:26:0:22:10:3:42:32:13:35,,,,3.4,,,
857,INGENIERIA EN COMPUTACION E INFORMATICA,8,0,0,0,6,10,:25:17:4:26:0:10,,,,3.4,,,
858,INGENIERIA CIVIL INDUSTRIAL,15,0,0,0,9,7,:25:17:4:26:29:23:0:22:10,,,,3.4,,,
859,INGENIERIA INDUSTRIAL,0,0,0,0,0,0,,,,,3.4,,,
860,INGENIERIA CIVIL INDUSTRIAL,15,0,0,0,9,7,:25:17:4:26:29:23:0:22:10,,,,3.4,,,
861,INGENIERIA CIVIL INDUSTRIAL,0,0,0,0,0,16,,,,,3.4,,,
862,INGENIERIA INDUSTRIAL,23,0,0,0,12,19,:25:17:4:26:29:23:0:22:10:3:42:35,,,,3.5,,,
863,INGENIERIA EN COMPUTACION E INFORMATICA,18,0,0,0,10,21,:25:17:4:26:29:23:22:10:3:42,,,,3.5,,,
864,INGENIERIA INDUSTRIAL,26,0,0,0,14,2,:25:17:4:26:29:23:0:22:10:3:42:7:18:35,,,,3.5,,,
865,INGENIERIA EN COMPUTACION E INFORMATICA,15,0,0,0,8,8,:25:17:4:29:23:22:42:32,,,,3.5,,,
866,INGENIERIA CIVIL INDUSTRIAL,13,0,0,0,7,9,:25:17:4:23:0:3:35,,,,3.5,,,
867,INGENIERIA EN COMPUTACION E INFORMATICA,15,0,0,0,8,8,:25:17:4:23:0:10:32:13,,,,3.5,,,
868,INGENIERIA EN COMPUTACION E INFORMATICA,10,0,0,0,6,10,:17:4:26:10:42:18,,,,3.5,,,
869,INGENIERIA EN COMPUTACION E INFORMATICA,0,0,0,0,0,0,,,,,3.5,,,
870,INGENIERIA CIVIL INFORMATICA,2,0,0,0,2,14,:17:4,,,,3.5,,,
871,INGENIERIA CIVIL INDUSTRIAL,0,0,0,0,0,0,,,,,3.5,,,
872,INGENIERIA CIVIL INDUSTRIAL,10,0,0,0,6,10,:25:17:4:26:29:23,,,,3.6,,,
873,INGENIERIA CIVIL INFORMATICA,0,0,0,0,0,0,,,,,3.6,,,
874,INGENIERIA CIVIL INDUSTRIAL,11,0,0,0,7,9,:25:17:4:23:22:10:3,,,,3.6,,,
875,INGENIERIA CIVIL INDUSTRIAL,0,0,0,0,0,0,,,,,3.6,,,
876,INGENIERIA CIVIL INDUSTRIAL,10,0,0,0,7,9,:25:17:4:26:29:22:10,,,,3.6,,,
877,INGENIERIA CIVIL INDUSTRIAL,12,0,0,0,7,9,:25:17:4:26:29:23:0,,,,3.6,,,
878,INGENIERIA CIVIL INDUSTRIAL,3,0,0,0,3,13,:25:17:4,,,,3.6,,,
879,INGENIERIA CIVIL INDUSTRIAL,20,0,0,0,11,5,:25:17:4:26:29:23:0:22:10:3:42,,,,3.6,,,
880,INGENIERIA CIVIL INDUSTRIAL,0,0,0,0,0,0,,,,,3.6,,,
881,INGENIERIA CIVIL INDUSTRIAL,10,0,0,0,6,10,:25:17:4:26:23:0,,,,3.6,,,
882,INGENIERIA EN COMPUTACION E INFORMATICA,27,0,0,0,14,2,:25:17:4:26:29:23:0:22:10:7:32:13:18:35,,,,3.6,,,
883,INGENIERIA EN COMPUTACION E INFORMATICA,3,0,0,0,3,28,:25:17:4,,,,3.7,,,
884,INGENIERIA EN COMPUTACION E INFORMATICA,0,0,0,0,0,0,,,,,3.7,,,
885,INGENIERIA CIVIL INDUSTRIAL,21,0,0,0,12,4,:25:17:4:29:23:0:22:10:3:7:18:35,,,,3.7,,,
886,INGENIERIA CIVIL INDUSTRIAL,25,0,0,0,13,3,:25:17:4:26:29:23:0:22:10:3:42:18:35,,,,3.7,,,
887,INGENIERIA CIVIL INDUSTRIAL,11,0,0,0,7,9,:25:17:4:23:22:10:3,,,,3.7,,,
888,INGENIERIA CIVIL INFORMATICA,0,0,0,0,0,0,,,,,3.7,,,
889,INGENIERIA CIVIL INDUSTRIAL,13,0,0,0,7,9,:17:4:26:29:23:0:22,,,,3.7,,,
890,INGENIERIA CIVIL INFORMATICA,5,0,0,0,3,28,:25:29:22,,,,3.7,,,
891,INGENIERIA EN COMPUTACION E INFORMATICA,12,0,0,0,7,9,:25:17:4:26:29:23:22,,,,3.7,,,
892,INGENIERIA CIVIL INDUSTRIAL,10,0,0,0,6,10,:25:17:4:26:29:23,,,,3.7,,,
893,INGENIERIA EN COMPUTACION E INFORMATICA,26,0,0,0,13,18,:25:17:4:26:29:23:0:22:7:32:13:18:35,,,,3.7,,,
894,INGENIERIA CIVIL INDUSTRIAL,9,0,0,0,6,10,:25:17:4:26:29:22,,,,3.7,,,
895,INGENIERIA CIVIL INFORMATICA,25,0,0,0,13,3,:25:17:4:26:23:0:22:10:7:32:13:18:35,,,,3.7,,,
896,INGENIERIA EN COMPUTACION E INFORMATICA,15,0,0,0,9,22,:25:17:4:26:29:23:0:22:10,,,,3.7,,,
897,INGENIERIA EN COMPUTACION E INFORMATICA,23,0,0,0,12,19,:25:17:4:26:29:23:10:3:42:32:18:35,,,,3.7,,,
898,INGENIERIA CIVIL INDUSTRIAL,27,0,0,0,14,2,:25:17:4:26:29:22:10:3:42:7:32:13:18:35,,,,3.7,,,
899,INGENIERIA CIVIL INFORMATICA,32,0,0,0,16,15,:25:17:4:26:29:23:0:22:10:3:42:7:32:13:18:35,,,,3.7,,,
900,INGENIERIA EN COMPUTACION E INFORMATICA,22,0,0,0,12,19,:25:17:4:26:23:0:22:10:7:32:13:18,,,,3.7,,,
901,INGENIERIA EN COMPUTACION E INFORMATICA,23,0,0,0,12,4,:25:17:4:26:29:23:0:22:10:32:13:18,,,,3.7,,,
902,INGENIERIA EN COMPUTACION E INFORMATICA,13,0,0,0,6,25,:25:17:23:0:32:13,,,,3.7,,,
903,INGENIERIA CIVIL INFORMATICA,32,0,0,0,16,15,:25:17:4:26:29:23:0:22:10:3:42:7:32:13:18:35,,,,3.7,,,
904,INGENIERIA CIVIL INDUSTRIAL,16,0,0,0,10,6,:25:17:4:26:29:23:0:22:10:7,,,,3.7,,,
905,INGENIERIA CIVIL INFORMATICA,32,0,0,0,16,15,:25:17:4:26:29:23:0:22:10:3:42:7:32:13:18:35,,,,3.7,,,
906,INGENIERIA CIVIL INDUSTRIAL,6,0,0,0,4,12,:25:17:4:23,,,,3.7,,,
907,INGENIERIA INDUSTRIAL,21,0,0,0,10,21,:17:4:26:23:0:10:32:13:18:35,,,,3.7,,,
908,INGENIERIA EN COMPUTACION E INFORMATICA,15,0,0,0,9,7,:25:17:4:26:29:23:0:22:10,,,,3.7,,,
909,INGENIERIA CIVIL INDUSTRIAL,18,0,0,0,10,6,:25:17:4:26:29:22:10:32:13:18,,,,3.8,,,
910,INGENIERIA CIVIL INDUSTRIAL,19,0,0,0,10,6,:25:17:4:26:23:22:10:32:13:18,,,,3.8,,,
911,INGENIERIA CIVIL INDUSTRIAL,8,0,0,0,5,11,:25:17:4:26:23,,,,3.8,,,
912,INGENIERIA CIVIL INFORMATICA,20,0,0,0,11,5,:25:17:4:26:29:23:0:22:10:3:42,,,,3.8,,,
913,INGENIERIA CIVIL INFORMATICA,17,0,0,0,10,21,:25:17:4:26:29:23:0:22:10:18,,,,3.8,,,
914,INGENIERIA EN COMPUTACION E INFORMATICA,17,0,0,0,10,6,:25:17:4:26:29:23:0:22:10:32,,,,3.8,,,
915,INGENIERIA EN COMPUTACION E INFORMATICA,8,0,0,0,6,25,:25:17:4:26:29:10,,,,3.8,,,
916,INGENIERIA INDUSTRIAL,23,0,0,0,12,4,:25:17:4:26:29:23:0:22:10:3:42:35,,,,3.9,,,
917,INGENIERIA EN COMPUTACION E INFORMATICA,0,0,0,0,0,16,,,,,3.9,,,
918,INGENIERIA CIVIL INFORMATICA,20,0,0,0,11,20,:25:17:4:29:23:0:22:10:3:42:18,,,,3.9,,,
919,INGENIERIA CIVIL INFORMATICA,10,0,0,0,6,10,:25:17:4:26:29:23,,,,3.9,,,
920,INGENIERIA EN COMPUTACION E INFORMATICA,22,0,0,0,12,4,:25:17:4:26:29:23:0:22:10:7:32:13,,,,3.9,,,
921,INGENIERIA EN COMPUTACION E INFORMATICA,27,0,0,0,14,2,:25:17:4:26:29:23:0:22:10:7:32:13:18:35,,,,3.9,,,
929,INGENIERIA CIVIL INFORMATICA,0,0,0,0,0,16,,,,,4.0,,,
937,INGENIERIA CIVIL INFORMATICA,0,0,0,0,0,16,,,,,4.0,,,
946,INGENIERIA EN COMPUTACION E INFORMATICA,0,0,0,0,0,0,,,,,4.0,,,
952,INGENIERIA CIVIL INDUSTRIAL,0,0,0,0,0,16,,,,,4.0,,,
956,INGENIERIA CIVIL INFORMATICA,0,0,0,0,0,16,,,,,4.1,,,
961,INGENIERIA CIVIL INDUSTRIAL,0,0,0,0,0,0,,,,,4.2,,,
1012,INGENIERIA EN COMPUTACION E INFORMATICA,0,0,0,0,0,16,,,,,4.6,,,
1032,INGENIERIA EN COMPUTACION E INFORMATICA,0,0,0,0,0,16,,,,,4.7,,,
1037,INGENIERIA CIVIL INDUSTRIAL,0,0,0,0,0,31,,,,,4.8,,,
1038,INGENIERIA EN COMPUTACION E INFORMATICA,0,0,0,0,0,0,,,,,4.8,,,
1040,INGENIERIA CIVIL INDUSTRIAL,0,0,0,0,0,0,,,,,4.8,,,
1066,INGENIERIA EN COMPUTACION E INFORMATICA,0,0,0,0,0,16,,,,,4.9,,,
1077,INGENIERIA EN COMPUTACION E INFORMATICA,0,0,0,0,0,16,,,,,5.0,,,
1082,INGENIERIA CIVIL INDUSTRIAL,0,0,0,0,0,0,,,,,5.0,,,
1084,INGENIERIA EN COMPUTACION E INFORMATICA,0,0,0,0,0,31,,,,,5.0,,,
1087,INGENIERIA CIVIL INDUSTRIAL,0,0,0,0,0,0,,,,,5.1,,,
1095,INGENIERIA CIVIL INDUSTRIAL,0,0,0,0,0,16,,,,,5.1,,,
1117,INGENIERIA CIVIL INDUSTRIAL,0,0,0,0,0,16,,,,,5.3,,,
1118,INGENIERIA CIVIL INDUSTRIAL,0,0,0,0,0,16,,,,,5.3,,,
1128,INGENIERIA EN COMPUTACION E INFORMATICA,0,0,0,0,0,0,,,,,5.4,,,
1129,INGENIERIA CIVIL INDUSTRIAL,0,0,0,0,0,0,,,,,5.4,,,
1132,INGENIERIA EN COMPUTACION E INFORMATICA,0,0,0,0,0,31,,,,,5.4,,,
1143,INGENIERIA CIVIL INDUSTRIAL,0,0,0,0,0,0,,,,,5.5,,,
1147,INGENIERIA CIVIL INFORMATICA,0,0,0,0,0,16,,,,,5.5,,,
1152,INGENIERIA CIVIL INDUSTRIAL,0,0,0,0,0,16,,,,,5.6,,,
1173,INGENIERIA CIVIL INDUSTRIAL,0,0,0,0,0,16,,,,,5.8,,,
1178,INGENIERIA CIVIL INDUSTRIAL,0,0,0,0,0,16,,,,,5.8,,,
1215,INGENIERIA CIVIL INDUSTRIAL,0,0,0,0,0,16,,,,,6.1,,,
1217,INGENIERIA CIVIL INFORMATICA,0,0,0,0,0,0,,,,,6.1,,,
1223,INGENIERIA CIVIL INFORMATICA,0,0,0,0,0,0,,,,,6.2,,,
1237,MAG. EN INGENIERIA INDUSTRIAL,0,0,0,0,0,16,,,,,6.4,,,
1239,INGENIERIA CIVIL INDUSTRIAL,0,0,0,0,0,16,,,,,6.4,,,
1240,INGENIERIA EN COMPUTACION E INFORMATICA,0,0,0,0,0,16,,,,,6.4,,,
1241,INGENIERIA CIVIL INDUSTRIAL,0,0,0,0,0,0,,,,,6.4,,,
1244,INGENIERIA EN COMPUTACION E INFORMATICA,0,0,0,0,0,16,,,,,6.4,,,
1269,INGENIERIA CIVIL INFORMATICA,0,0,0,0,0,16,,,,,6.6,,,
1272,INGENIERIA CIVIL INDUSTRIAL,0,0,0,0,0,0,,,,,6.7,,,
1283,INGENIERIA CIVIL INDUSTRIAL,0,0,0,0,0,16,,,,,7.0,,,
1287,INGENIERIA CIVIL INDUSTRIAL,0,0,0,0,0,0,,,,,7.0,,,
1288,INGENIERIA EN COMPUTACION E INFORMATICA,0,0,0,0,0,0,,,,,7.0,,,
1290,INGENIERIA CIVIL INDUSTRIAL,0,0,0,0,0,31,,,,,7.0,,,
