rut,programa,nrc,sol1,sol2,sol3,sol4,tarea1,tarea2,controles,np,examen,final,estado
0,INGENIERIA INDUSTRIAL,17933,6.2,6.8,5.1,6.0,3.5,7.0,5.8,5.86,5.9,5.9,A
1,INGENIERIA CIVIL INDUSTRIAL,17350,7.0,6.9,7.0,7.0,7.0,6.4,3.4,6.47,6.5,6.5,A
2,INGENIERIA CIVIL INDUSTRIAL,17350,5.6,6.0,4.5,5.4,5.5,1.0,4.4,4.2,6.0,4.7,A
3,INGENIERIA CIVIL INDUSTRIAL,17350,3.9,4.7,3.7,4.1,3.0,1.0,3.7,3.12,6.6,4.2,A
4,INGENIERIA EN COMPUTACION E INFORMATICA,17330,4.6,6.6,4.7,5.3,6.5,6.2,6.7,5.84,6.0,5.9,A
5,INGENIERIA EN COMPUTACION E INFORMATICA,17346,1.0,1.0,1.0,1.0,1.0,1.0,1.0,1.0,1.0,1.0,R
6,INGENIERIA EN COMPUTACION E INFORMATICA,17344,6.6,5.0,5.6,5.7,1.5,6.6,7.0,5.43,5.4,5.4,A
7,INGENIERIA CIVIL INDUSTRIAL,17350,1.0,1.0,1.0,1.0,1.0,1.0,1.0,1.0,1.0,1.0,R
8,INGENIERIA EN COMPUTACION E INFORMATICA,17344,4.6,4.8,6.4,5.6,4.5,7.0,7.0,5.8,5.8,5.8,A
9,INGENIERIA CIVIL INDUSTRIAL,17350,5.3,6.1,6.0,5.8,2.0,6.4,4.1,5.21,5.2,5.2,A
10,INGENIERIA EN COMPUTACION E INFORMATICA,17346,5.3,4.9,5.3,5.2,5.5,4.1,4.7,4.9,7.0,5.5,A
11,INGENIERIA INDUSTRIAL,17349,6.3,6.4,6.2,6.2,6.0,6.0,3.1,5.84,5.8,5.8,A
12,INGENIERIA CIVIL INDUSTRIAL,17350,5.2,1.0,1.0,1.0,1.0,1.0,1.0,1.52,1.0,1.4,R
13,INGENIERIA INDUSTRIAL,17344,5.2,5.1,4.4,4.9,5.5,7.0,5.6,5.58,5.6,5.6,A
14,INGENIERIA EN COMPUTACION E INFORMATICA,17346,7.0,6.8,6.3,6.7,6.5,6.8,5.3,6.55,6.6,6.6,A
15,INGENIERIA CIVIL INDUSTRIAL,17350,6.8,6.5,7.0,6.8,5.5,6.1,6.3,6.36,6.0,6.3,A
16,INGENIERIA INDUSTRIAL,17345,1.0,1.0,1.0,1.0,1.0,1.0,1.0,1.0,1.0,1.0,R
17,INGENIERIA CIVIL INFORMATICA,17339,6.8,6.8,6.6,6.7,7.0,6.2,7.0,6.66,6.7,6.7,A
18,INGENIERIA CIVIL INDUSTRIAL,17349,6.6,6.6,6.6,6.6,6.0,6.0,6.7,6.37,6.4,6.4,A
19,INGENIERIA INDUSTRIAL,17344,5.7,5.6,6.4,5.9,7.0,6.6,7.0,6.35,6.4,6.4,A
20,INGENIERIA EN COMPUTACION E INFORMATICA,17344,6.8,5.9,5.9,6.2,7.0,6.2,5.8,6.28,6.3,6.3,A
21,INGENIERIA CIVIL INFORMATICA,17335,7.0,7.0,7.0,7.0,7.0,7.0,7.0,7.0,7.0,7.0,A
22,INGENIERIA CIVIL INDUSTRIAL,17333,6.2,6.4,6.2,6.3,4.0,4.8,7.0,5.63,5.6,5.6,A
23,INGENIERIA INDUSTRIAL,17933,6.8,6.6,7.0,6.8,7.0,7.0,7.0,6.9,6.9,6.9,A
24,INGENIERIA EN COMPUTACION E INFORMATICA,17346,6.8,6.6,6.8,6.7,7.0,7.0,5.7,6.73,6.7,6.7,A
25,INGENIERIA EN COMPUTACION E INFORMATICA,17345,7.0,5.0,6.6,6.2,6.5,7.0,4.0,6.22,6.2,6.2,A
26,INGENIERIA EN COMPUTACION E INFORMATICA,17330,5.6,5.6,6.0,5.7,1.6,2.6,7.0,4.45,5.6,4.8,A
27,INGENIERIA INDUSTRIAL,17344,6.3,6.8,6.2,6.4,4.5,7.0,7.0,6.33,6.3,6.3,A
28,INGENIERIA EN COMPUTACION E INFORMATICA,17344,6.3,6.3,1.0,2.8,4.5,1.0,4.2,3.39,3.4,3.4,R
29,INGENIERIA CIVIL INDUSTRIAL,17350,5.5,6.2,5.1,5.6,4.1,3.1,5.2,4.71,5.0,4.8,A
30,INGENIERIA EN COMPUTACION E INFORMATICA,17345,6.8,6.5,6.7,6.7,7.0,6.2,7.0,6.63,6.6,6.6,A
31,INGENIERIA INDUSTRIAL,17332,7.0,6.1,5.1,6.1,1.0,2.8,4.9,4.37,5.2,4.6,A
32,INGENIERIA EN COMPUTACION E INFORMATICA,17346,6.6,6.8,5.8,6.4,5.0,4.5,6.6,5.73,5.7,5.7,A
33,INGENIERIA CIVIL INDUSTRIAL,17327,6.8,6.3,6.6,6.6,6.8,7.0,7.0,6.75,6.8,6.8,A
34,INGENIERIA CIVIL INFORMATICA,17931,6.2,5.5,5.6,5.8,6.6,1.0,1.0,4.22,6.4,4.9,A
35,INGENIERIA CIVIL INDUSTRIAL,17341,7.0,5.7,6.2,6.3,7.0,7.0,7.0,6.65,6.7,6.7,A
36,INGENIERIA EN COMPUTACION E INFORMATICA,17327,5.4,6.1,5.8,5.8,6.7,3.5,7.0,5.46,5.5,5.5,A
37,INGENIERIA CIVIL INFORMATICA,17333,7.0,5.9,6.8,6.6,7.0,7.0,7.0,6.78,6.8,6.8,A
38,INGENIERIA CIVIL INDUSTRIAL,17332,6.2,6.2,6.4,6.3,3.9,1.0,7.0,4.67,3.2,4.2,A
39,INGENIERIA CIVIL INDUSTRIAL,17334,5.7,5.8,5.0,5.5,2.5,6.3,7.0,5.4,5.4,5.4,A
40,INGENIERIA EN COMPUTACION E INFORMATICA,17345,7.0,7.0,7.0,7.0,6.5,6.9,7.0,6.9,6.9,6.9,A
41,INGENIERIA INDUSTRIAL,17323,6.6,4.1,3.7,4.8,1.0,1.0,2.7,3.07,1.0,2.4,R
42,INGENIERIA EN COMPUTACION E INFORMATICA,17345,2.0,6.2,5.8,4.7,7.0,6.9,4.0,5.51,5.5,5.5,A
43,INGENIERIA CIVIL INDUSTRIAL,17341,6.6,6.3,6.5,6.5,5.0,7.0,7.0,6.43,6.4,6.4,A
44,INGENIERIA CIVIL INDUSTRIAL,17250,1.0,1.0,1.0,1.0,1.0,1.0,1.0,1.0,1.0,1.0,R
45,INGENIERIA CIVIL INDUSTRIAL,17334,6.6,6.1,6.3,6.3,1.0,5.8,7.0,5.46,5.5,5.5,A
46,INGENIERIA EN COMPUTACION E INFORMATICA,17328,6.4,6.4,5.4,6.1,6.5,1.0,7.0,4.96,5.0,5.0,A
47,INGENIERIA INDUSTRIAL,17349,6.6,7.0,6.0,6.5,6.0,3.5,4.6,5.49,5.5,5.5,A
48,INGENIERIA CIVIL INFORMATICA,17336,6.8,7.0,6.4,7.0,7.0,5.7,7.0,6.57,6.6,6.6,A
49,INGENIERIA CIVIL INDUSTRIAL,17341,6.6,6.2,6.6,6.5,7.0,7.0,7.0,6.73,6.7,6.7,A
50,INGENIERIA INDUSTRIAL,17933,6.6,6.9,6.0,6.5,6.0,7.0,4.0,6.3,6.3,6.3,A
51,INGENIERIA INDUSTRIAL,17350,4.6,2.1,1.0,2.6,4.1,1.0,2.1,2.36,1.0,2.0,R
52,INGENIERIA EN COMPUTACION E INFORMATICA,17322,6.1,6.3,5.9,6.1,6.6,5.4,4.6,5.85,5.9,5.9,A
53,INGENIERIA INDUSTRIAL,17344,6.5,4.2,5.3,5.3,6.0,6.6,2.0,5.41,5.4,5.4,A
54,INGENIERIA EN COMPUTACION E INFORMATICA,17346,6.0,5.5,5.7,5.7,1.0,1.0,1.7,3.43,7.0,4.5,A
55,INGENIERIA EN COMPUTACION E INFORMATICA,17340,7.0,6.8,6.6,6.8,7.0,5.8,7.0,6.6,6.6,6.6,A
56,INGENIERIA EN COMPUTACION E INFORMATICA,17929,5.8,4.9,2.9,4.5,4.4,2.6,7.0,4.27,5.2,4.5,A
57,INGENIERIA CIVIL INDUSTRIAL,17931,6.2,7.0,6.2,6.2,1.0,6.3,1.0,5.02,5.0,5.0,A
58,INGENIERIA CIVIL INDUSTRIAL,17349,5.9,6.4,4.6,5.6,6.0,6.0,1.0,5.31,5.3,5.3,A
59,INGENIERIA CIVIL INDUSTRIAL,18535,6.8,5.3,6.4,6.2,6.8,5.0,6.3,5.98,6.0,6.0,A
60,INGENIERIA CIVIL INDUSTRIAL,17930,6.1,6.4,5.1,5.9,3.1,6.2,6.1,5.56,5.6,5.6,A
61,INGENIERIA CIVIL INDUSTRIAL,17931,7.0,5.8,6.1,6.3,6.6,3.1,7.0,5.61,5.6,5.6,A
62,INGENIERIA CIVIL INDUSTRIAL,18556,5.6,7.0,6.3,6.4,4.5,4.0,7.0,5.53,5.6,5.6,A
63,INGENIERIA EN COMPUTACION E INFORMATICA,17340,7.0,5.8,6.4,6.4,7.0,5.4,7.0,6.3,6.3,6.3,A
64,INGENIERIA EN COMPUTACION E INFORMATICA,17326,5.9,4.0,5.7,5.2,7.0,7.0,7.0,6.1,6.1,6.1,A
65,INGENIERIA EN COMPUTACION E INFORMATICA,17345,6.8,3.8,5.8,5.5,7.0,6.6,4.7,5.9,5.9,5.9,A
66,INGENIERIA EN COMPUTACION E INFORMATICA,17345,5.6,5.6,6.8,6.0,7.0,6.2,7.0,6.3,6.3,6.3,A
67,INGENIERIA CIVIL INDUSTRIAL,17931,6.8,7.0,5.9,6.6,4.1,2.5,7.0,5.22,5.2,5.2,A
68,INGENIERIA EN COMPUTACION E INFORMATICA,17345,6.4,6.6,6.2,6.4,7.0,7.0,7.0,6.7,6.7,6.7,A
69,INGENIERIA CIVIL INDUSTRIAL,17322,5.2,6.0,5.8,5.7,3.3,3.3,1.0,4.25,6.6,5.0,A
70,INGENIERIA CIVIL INFORMATICA,17335,7.0,7.0,6.8,6.9,7.0,7.0,7.0,6.96,7.0,7.0,A
71,INGENIERIA CIVIL INDUSTRIAL,17929,5.2,5.4,4.6,5.1,4.4,5.0,7.0,5.14,5.1,5.1,A
72,INGENIERIA CIVIL INFORMATICA,17333,6.6,6.4,6.6,6.5,7.0,7.0,7.0,6.76,6.8,6.8,A
73,INGENIERIA CIVIL INDUSTRIAL,17929,6.6,6.8,6.1,6.5,6.1,5.5,7.0,6.24,6.2,6.2,A
74,INGENIERIA CIVIL INDUSTRIAL,17338,6.8,5.9,6.0,6.2,6.9,5.1,7.0,6.12,6.1,6.1,A
75,INGENIERIA CIVIL INDUSTRIAL,17334,6.0,5.6,6.4,6.0,1.0,3.0,7.0,4.6,5.6,4.9,A
76,INGENIERIA CIVIL INDUSTRIAL,17327,6.5,6.6,5.9,6.3,5.1,2.8,6.4,5.26,5.3,5.3,A
77,INGENIERIA CIVIL INFORMATICA,17322,6.3,6.8,6.2,6.4,7.0,7.0,7.0,6.71,6.7,6.7,A
78,INGENIERIA EN COMPUTACION E INFORMATICA,17331,6.9,6.8,6.6,6.8,7.0,5.7,7.0,6.56,6.6,6.6,A
79,INGENIERIA CIVIL INFORMATICA,17329,6.8,6.8,7.0,5.3,6.3,6.4,3.0,6.08,6.1,6.1,A
80,INGENIERIA EN COMPUTACION E INFORMATICA,17323,5.5,6.3,5.6,5.8,6.0,7.0,7.0,6.25,6.3,6.3,A
81,INGENIERIA INDUSTRIAL,17346,5.0,5.3,1.0,3.8,1.0,1.0,3.0,2.58,1.0,2.1,R
82,INGENIERIA CIVIL INFORMATICA,17333,6.8,6.7,6.8,6.8,6.5,7.0,7.0,6.81,6.8,6.8,A
83,INGENIERIA CIVIL INDUSTRIAL,17334,6.5,5.6,4.8,5.6,1.0,6.9,7.0,5.38,5.4,5.4,A
84,INGENIERIA CIVIL INFORMATICA,17931,6.6,6.4,4.3,5.8,5.9,1.0,7.0,4.72,5.2,4.9,A
85,INGENIERIA CIVIL INFORMATICA,17338,5.8,6.4,5.0,5.7,1.0,1.0,7.0,3.96,3.4,3.8,R
86,INGENIERIA CIVIL INFORMATICA,17338,6.8,6.4,5.6,6.3,7.0,6.9,7.0,6.61,6.6,6.6,A
87,INGENIERIA INDUSTRIAL,17345,6.4,6.8,6.4,6.5,7.0,5.6,4.0,6.11,6.1,6.1,A
88,INGENIERIA CIVIL INDUSTRIAL,18535,7.0,4.4,6.8,6.1,6.8,5.4,5.9,5.99,6.0,6.0,A
89,INGENIERIA EN COMPUTACION E INFORMATICA,17929,6.4,5.9,6.8,6.4,6.0,1.0,7.0,5.03,5.0,5.0,A
90,INGENIERIA CIVIL INDUSTRIAL,17332,7.0,5.8,6.4,6.4,4.8,1.0,7.0,4.87,4.4,4.7,A
91,INGENIERIA CIVIL INDUSTRIAL,17929,5.5,6.3,4.8,5.5,7.0,7.0,7.0,6.26,6.3,6.3,A
92,INGENIERIA EN COMPUTACION E INFORMATICA,17330,6.9,7.0,6.4,6.4,2.9,4.1,6.7,5.46,4.8,5.3,A
93,INGENIERIA EN COMPUTACION E INFORMATICA,18556,5.6,6.8,4.6,5.7,5.0,4.0,7.0,5.28,5.3,5.3,A
94,INGENIERIA CIVIL INDUSTRIAL,17929,5.0,6.1,2.4,4.5,7.0,7.0,7.0,5.75,5.8,5.8,A
95,INGENIERIA EN COMPUTACION E INFORMATICA,17330,6.6,6.6,6.2,6.2,5.5,6.0,6.4,6.16,6.0,6.1,A
96,INGENIERIA INDUSTRIAL,17323,5.4,5.4,4.0,4.9,1.0,1.0,7.0,3.56,3.2,3.5,R
97,INGENIERIA CIVIL INFORMATICA,17339,6.8,6.0,6.4,6.4,6.5,5.4,7.0,6.22,6.2,6.2,A
98,INGENIERIA CIVIL INFORMATICA,17338,7.0,6.8,6.0,6.6,6.9,5.8,7.0,6.48,6.5,6.5,A
99,INGENIERIA CIVIL INFORMATICA,17335,6.1,4.5,5.1,5.2,1.0,1.0,5.8,3.59,3.4,3.5,R
100,INGENIERIA CIVIL INDUSTRIAL,17931,3.8,5.5,6.2,5.2,6.0,1.0,7.0,4.43,6.6,5.1,A
101,INGENIERIA CIVIL INDUSTRIAL,17931,7.0,7.0,7.0,7.0,7.0,6.6,7.0,6.9,6.9,6.9,A
102,INGENIERIA INDUSTRIAL,17333,6.6,5.2,3.6,5.1,4.0,4.8,7.0,5.06,5.1,5.1,A
103,INGENIERIA EN COMPUTACION E INFORMATICA,18556,1.0,1.0,1.0,1.0,1.0,1.0,1.0,1.0,1.0,1.0,R
104,INGENIERIA EN COMPUTACION E INFORMATICA,17327,6.5,1.0,3.7,3.7,6.2,1.0,3.7,3.41,6.6,4.4,A
105,INGENIERIA EN COMPUTACION E INFORMATICA,17331,4.6,5.9,3.5,4.7,1.0,1.0,7.0,3.43,5.3,4.0,A
106,INGENIERIA EN COMPUTACION E INFORMATICA,17330,4.6,6.8,5.3,5.3,6.3,1.3,7.0,4.72,3.5,4.4,A
107,INGENIERIA EN COMPUTACION E INFORMATICA,17340,6.8,6.4,6.8,6.7,6.0,5.0,7.0,6.18,6.2,6.2,A
108,INGENIERIA CIVIL INDUSTRIAL,17334,6.2,5.8,5.9,6.0,5.0,5.8,7.0,5.88,5.9,5.9,A
109,INGENIERIA CIVIL INDUSTRIAL,17350,6.8,7.0,6.6,6.8,5.5,4.5,6.9,6.04,6.0,6.0,A
110,INGENIERIA CIVIL INDUSTRIAL,17334,6.7,6.7,4.2,5.9,7.0,1.0,7.0,4.93,5.0,5.0,A
111,INGENIERIA EN COMPUTACION E INFORMATICA,17929,5.0,6.8,6.8,6.2,7.0,6.1,7.0,6.37,6.4,6.4,A
112,INGENIERIA CIVIL INDUSTRIAL,17326,5.8,4.0,3.6,4.5,6.0,6.5,1.6,4.92,3.6,4.5,A
113,INGENIERIA EN COMPUTACION E INFORMATICA,17330,6.1,5.3,6.0,6.1,7.0,5.2,7.0,5.98,6.5,6.1,A
114,INGENIERIA CIVIL INDUSTRIAL,17326,4.4,4.6,5.5,4.8,3.0,7.0,5.8,5.19,5.2,5.2,A
115,INGENIERIA EN COMPUTACION E INFORMATICA,17332,6.5,5.9,5.8,6.1,6.8,5.4,7.0,6.1,6.1,6.1,A
116,INGENIERIA CIVIL INDUSTRIAL,17929,6.6,6.4,6.4,6.5,6.8,7.0,7.0,6.7,6.7,6.7,A
117,INGENIERIA EN COMPUTACION E INFORMATICA,18556,6.8,6.7,5.3,6.3,4.0,4.5,7.0,5.56,5.6,5.6,A
118,INGENIERIA EN COMPUTACION E INFORMATICA,17337,5.9,6.0,5.4,5.8,6.5,4.6,4.3,5.44,5.4,5.4,A
119,INGENIERIA EN COMPUTACION E INFORMATICA,17337,7.0,6.8,6.6,6.8,6.5,4.6,5.9,6.11,6.1,6.1,A
120,INGENIERIA CIVIL INFORMATICA,17338,6.2,6.6,6.0,6.3,4.8,6.9,7.0,6.28,6.3,6.3,A
121,INGENIERIA CIVIL INDUSTRIAL,17341,6.2,5.6,5.5,5.8,5.5,6.0,7.0,5.91,5.9,5.9,A
122,INGENIERIA EN COMPUTACION E INFORMATICA,17337,1.0,1.0,1.0,1.0,1.0,1.0,1.0,1.0,1.0,1.0,R
123,INGENIERIA CIVIL INDUSTRIAL,17334,4.5,4.6,5.6,4.9,7.0,1.0,4.0,4.15,5.2,4.5,A
124,INGENIERIA CIVIL INFORMATICA,17338,4.3,6.0,6.6,5.6,5.8,1.0,7.0,4.63,6.1,5.1,A
125,INGENIERIA EN COMPUTACION E INFORMATICA,17323,5.2,4.0,3.4,4.2,4.0,7.0,7.0,5.15,5.2,5.2,A
126,INGENIERIA INDUSTRIAL,17333,6.4,5.1,4.2,5.2,6.5,7.0,4.0,5.73,5.7,5.7,A
127,INGENIERIA CIVIL INDUSTRIAL,17349,7.0,6.4,6.6,6.7,7.0,7.0,5.5,6.68,6.7,6.7,A
128,INGENIERIA EN COMPUTACION E INFORMATICA,17340,5.3,4.8,5.4,5.2,7.0,5.2,7.0,5.63,5.7,5.7,A
129,INGENIERIA CIVIL INDUSTRIAL,17333,6.2,6.1,6.4,6.2,7.0,7.0,7.0,6.61,6.6,6.6,A
130,INGENIERIA CIVIL INDUSTRIAL,17341,5.8,6.0,6.6,6.1,6.0,6.0,7.0,6.16,6.2,6.2,A
131,INGENIERIA EN COMPUTACION E INFORMATICA,17337,4.4,1.0,1.0,4.4,1.0,1.0,1.0,1.85,1.0,1.6,R
132,INGENIERIA CIVIL INDUSTRIAL,17334,7.0,6.4,6.5,6.6,5.0,4.6,7.0,5.91,5.9,5.9,A
133,INGENIERIA CIVIL INDUSTRIAL,17341,7.0,6.0,6.5,6.5,5.0,6.0,7.0,6.2,6.2,6.2,A
134,INGENIERIA EN COMPUTACION E INFORMATICA,17340,4.6,1.0,3.8,3.1,6.5,1.0,1.0,2.88,1.0,2.3,R
135,INGENIERIA CIVIL INDUSTRIAL,17328,6.6,6.6,6.8,6.7,3.0,7.0,7.0,6.23,6.2,6.2,A
136,INGENIERIA CIVIL INDUSTRIAL,17328,5.8,4.8,5.7,5.4,2.0,7.0,7.0,5.46,5.5,5.5,A
137,INGENIERIA CIVIL INDUSTRIAL,17328,7.0,6.6,4.8,6.1,1.0,5.4,7.0,5.26,5.3,5.3,A
138,INGENIERIA CIVIL INDUSTRIAL,17327,5.8,5.7,6.0,5.8,5.4,7.0,7.0,6.17,6.2,6.2,A
139,INGENIERIA CIVIL INFORMATICA,17335,6.6,5.1,6.4,6.0,3.0,7.0,7.0,5.91,5.9,5.9,A
140,INGENIERIA CIVIL INFORMATICA,17333,4.2,5.6,1.0,3.6,1.0,1.0,7.0,2.9,1.0,2.3,R
141,INGENIERIA EN COMPUTACION E INFORMATICA,17336,4.5,6.6,5.8,4.5,6.0,1.0,5.5,4.37,5.0,4.6,A
142,INGENIERIA CIVIL INFORMATICA,17335,6.8,5.3,5.5,5.9,6.0,1.0,4.0,4.48,4.4,4.5,A
143,INGENIERIA CIVIL INDUSTRIAL,17332,6.5,5.3,6.3,6.0,6.9,5.4,7.0,6.09,6.1,6.1,A
144,INGENIERIA CIVIL INFORMATICA,17335,6.8,5.5,6.2,6.2,7.0,1.0,7.0,5.08,5.1,5.1,A
145,INGENIERIA CIVIL INFORMATICA,17335,6.8,6.0,6.8,6.5,7.0,1.0,7.0,5.26,5.3,5.3,A
146,INGENIERIA CIVIL INFORMATICA,17339,6.6,5.7,6.4,6.2,7.0,7.0,7.0,6.61,6.6,6.6,A
147,INGENIERIA CIVIL INFORMATICA,17339,7.0,7.0,6.6,6.9,7.0,7.0,7.0,6.93,6.9,6.9,A
148,INGENIERIA INDUSTRIAL,17323,4.6,1.0,1.0,2.2,1.0,1.0,1.6,1.66,1.0,1.5,R
149,INGENIERIA CIVIL INDUSTRIAL,17326,4.8,6.2,4.4,5.1,6.0,1.0,7.0,4.41,5.8,4.8,A
150,INGENIERIA CIVIL INDUSTRIAL,17350,5.8,5.6,6.8,6.1,1.0,1.0,1.9,3.62,7.0,4.6,A
151,INGENIERIA EN COMPUTACION E INFORMATICA,17323,6.6,4.6,3.2,4.8,1.0,7.0,7.0,5.0,5.0,5.0,A
152,INGENIERIA CIVIL INDUSTRIAL,17332,6.1,5.9,6.6,6.2,7.0,1.0,7.0,5.1,5.1,5.1,A
153,INGENIERIA CIVIL INDUSTRIAL,17326,6.0,5.3,5.8,5.7,3.0,7.0,7.0,5.75,5.8,5.8,A
154,INGENIERIA EN COMPUTACION E INFORMATICA,17322,6.3,6.7,5.7,6.2,6.6,1.0,7.0,5.05,5.1,5.1,A
155,INGENIERIA CIVIL INDUSTRIAL,17931,3.8,4.1,2.4,3.4,1.0,1.0,4.0,2.51,1.8,2.3,R
156,INGENIERIA EN COMPUTACION E INFORMATICA,17340,6.6,6.6,6.1,6.4,1.0,5.2,7.0,5.36,5.4,5.4,A
157,INGENIERIA EN COMPUTACION E INFORMATICA,17327,6.4,5.9,2.9,5.1,1.0,1.0,1.6,3.09,1.0,2.5,R
158,INGENIERIA CIVIL INFORMATICA,17322,5.9,6.3,6.0,6.1,2.0,6.8,7.0,5.73,5.7,5.7,A
159,INGENIERIA CIVIL INDUSTRIAL,17326,6.4,5.3,6.0,6.7,1.0,7.0,6.7,5.62,5.6,5.6,A
160,INGENIERIA CIVIL INDUSTRIAL,17328,5.2,5.0,5.1,5.1,4.0,5.6,7.0,5.25,5.3,5.3,A
161,INGENIERIA CIVIL INFORMATICA,17322,7.0,7.0,6.7,6.9,7.0,7.0,7.0,6.95,7.0,7.0,A
162,INGENIERIA EN COMPUTACION E INFORMATICA,17331,6.6,4.9,5.6,5.7,2.5,5.0,7.0,5.17,5.2,5.2,A
163,INGENIERIA CIVIL INDUSTRIAL,17334,6.6,5.5,6.3,6.1,6.0,3.8,7.0,5.61,5.6,5.6,A
164,INGENIERIA CIVIL INDUSTRIAL,17334,4.4,6.3,6.4,5.7,5.5,6.4,4.0,5.67,5.7,5.7,A
165,INGENIERIA CIVIL INDUSTRIAL,17332,3.8,5.8,6.4,5.3,5.4,2.2,7.0,4.72,5.4,4.9,A
166,INGENIERIA EN COMPUTACION E INFORMATICA,17930,4.3,1.0,1.0,2.1,6.9,1.0,1.0,2.43,1.0,2.0,R
167,INGENIERIA CIVIL INDUSTRIAL,17334,6.3,5.5,7.0,6.3,6.5,6.6,7.0,6.46,6.5,6.5,A
168,INGENIERIA CIVIL INFORMATICA,17931,6.8,5.9,4.8,5.8,5.9,3.6,7.0,5.39,5.4,5.4,A
169,INGENIERIA CIVIL INFORMATICA,17336,5.7,6.2,5.5,5.7,6.4,3.0,7.0,5.29,5.3,5.3,A
170,INGENIERIA EN COMPUTACION E INFORMATICA,17336,6.1,6.4,6.2,6.1,1.5,1.0,7.0,4.27,6.4,4.9,A
171,BACHILLERATO EN CIENCIAS,17333,7.0,6.2,6.0,6.4,7.0,7.0,7.0,6.7,6.7,6.7,A
172,BACHILLERATO EN CIENCIAS,17250,7.0,4.9,5.6,5.8,1.0,5.0,6.4,4.95,5.0,5.0,A
173,INGENIERIA INDUSTRIAL,17349,3.6,4.0,4.6,4.6,5.8,4.9,1.0,4.29,3.4,4.0,A
174,INGENIERIA CIVIL INDUSTRIAL,17931,6.4,6.3,7.0,6.6,6.0,6.8,7.0,6.58,6.6,6.6,A
175,INGENIERIA INDUSTRIAL,17933,5.7,6.6,6.6,6.3,7.0,7.0,6.7,6.62,6.6,6.6,A
176,INGENIERIA EN COMPUTACION E INFORMATICA,17327,3.8,6.5,6.0,5.4,6.7,3.7,3.7,5.01,5.0,5.0,A
177,INGENIERIA EN COMPUTACION E INFORMATICA,17322,4.4,5.1,5.0,4.8,2.0,2.1,4.0,3.63,1.0,2.8,R
178,INGENIERIA EN COMPUTACION E INFORMATICA,17330,6.8,5.9,6.2,6.2,6.0,2.7,6.1,5.32,5.7,5.4,A
179,INGENIERIA EN COMPUTACION E INFORMATICA,17330,5.9,6.2,5.8,5.9,1.5,1.0,7.0,4.15,5.7,4.6,A
180,INGENIERIA CIVIL INDUSTRIAL,17322,5.0,4.2,5.8,5.0,1.0,1.0,7.0,3.6,6.0,4.3,A
181,INGENIERIA CIVIL INFORMATICA,17329,6.4,6.3,6.1,5.3,6.2,5.5,2.5,5.56,5.6,5.6,A
182,INGENIERIA CIVIL INDUSTRIAL,17328,7.0,5.3,6.5,6.3,3.0,7.0,7.0,6.03,6.0,6.0,A
183,INGENIERIA EN COMPUTACION E INFORMATICA,17340,6.0,6.2,6.0,6.1,5.0,4.2,7.0,5.53,5.6,5.6,A
184,INGENIERIA EN COMPUTACION E INFORMATICA,17337,5.0,5.3,6.0,5.4,4.1,5.1,6.1,5.21,5.2,5.2,A
185,INGENIERIA EN COMPUTACION E INFORMATICA,17327,6.9,6.5,5.3,6.2,6.1,5.6,7.0,6.12,6.1,6.1,A
186,INGENIERIA CIVIL INDUSTRIAL,17250,7.0,5.1,5.9,6.0,1.0,6.6,7.0,5.5,5.5,5.5,A
187,INGENIERIA CIVIL INFORMATICA,17335,6.8,7.0,6.2,6.7,4.0,3.4,7.0,5.48,5.5,5.5,A
188,INGENIERIA CIVIL INDUSTRIAL,17328,6.2,4.7,3.9,4.9,5.5,6.7,7.0,5.66,5.7,5.7,A
189,INGENIERIA CIVIL INDUSTRIAL,17931,6.6,7.0,6.4,6.7,7.0,5.3,7.0,6.41,6.4,6.4,A
190,INGENIERIA EN COMPUTACION E INFORMATICA,18556,5.6,6.5,5.8,6.0,4.0,4.0,7.0,5.28,5.3,5.3,A
191,INGENIERIA EN COMPUTACION E INFORMATICA,17330,6.0,6.7,6.5,6.0,6.7,3.9,7.0,5.83,5.1,5.6,A
192,INGENIERIA CIVIL INDUSTRIAL,17327,7.0,6.4,4.7,6.0,6.1,5.6,6.7,5.99,6.0,6.0,A
193,INGENIERIA CIVIL INDUSTRIAL,17332,5.8,6.2,2.4,4.8,1.0,1.0,6.4,3.44,6.6,4.4,A
194,INGENIERIA CIVIL INFORMATICA,17337,6.6,5.6,6.6,6.3,6.8,5.5,6.5,6.18,6.2,6.2,A
195,INGENIERIA CIVIL INDUSTRIAL,17334,6.7,5.9,4.0,5.5,2.5,3.5,6.4,4.65,4.4,4.6,A
196,INGENIERIA CIVIL INFORMATICA,17335,4.6,4.7,1.0,3.4,1.0,1.0,1.9,2.3,1.0,1.9,R
197,INGENIERIA CIVIL INDUSTRIAL,17334,5.0,5.6,6.0,5.5,1.0,1.0,7.0,3.86,5.4,4.3,A
198,INGENIERIA CIVIL INDUSTRIAL,17931,6.4,3.8,4.7,5.0,6.6,5.6,7.0,5.57,5.6,5.6,A
199,INGENIERIA INDUSTRIAL,17346,6.8,6.2,6.8,6.6,5.5,4.1,5.2,5.67,5.7,5.7,A
200,INGENIERIA CIVIL INDUSTRIAL,17332,3.0,6.2,5.9,5.0,1.0,1.0,7.0,3.61,4.8,4.0,A
201,INGENIERIA CIVIL INDUSTRIAL,17341,7.0,4.6,5.8,5.8,5.0,6.0,7.0,5.85,5.9,5.9,A
202,INGENIERIA EN COMPUTACION E INFORMATICA,17330,6.0,4.8,5.8,5.8,2.9,4.1,6.4,4.9,5.1,5.0,A
203,INGENIERIA CIVIL INDUSTRIAL,17350,4.5,6.0,3.1,4.5,1.0,1.0,1.7,2.83,2.8,2.8,R
204,INGENIERIA CIVIL INFORMATICA,17336,6.7,7.0,6.8,6.8,7.0,6.6,7.0,6.81,6.8,6.8,A
205,INGENIERIA EN COMPUTACION E INFORMATICA,17327,6.7,6.8,6.6,6.7,5.1,2.8,7.0,5.51,5.5,5.5,A
206,INGENIERIA CIVIL INDUSTRIAL,17332,6.4,5.9,6.7,6.3,1.0,1.0,1.0,3.66,3.8,3.7,R
207,INGENIERIA CIVIL INDUSTRIAL,17328,7.0,4.9,5.9,5.9,7.0,1.0,7.0,4.96,5.0,5.0,A
208,INGENIERIA EN COMPUTACION E INFORMATICA,18556,6.2,6.2,5.4,5.9,1.0,1.0,7.0,4.06,5.0,4.3,A
209,INGENIERIA EN COMPUTACION E INFORMATICA,17346,6.4,5.0,6.1,5.8,5.8,6.0,4.3,5.71,5.7,5.7,A
210,INGENIERIA EN COMPUTACION E INFORMATICA,17322,6.0,6.4,6.4,6.3,7.0,1.0,7.0,5.13,5.1,5.1,A
211,INGENIERIA EN COMPUTACION E INFORMATICA,17340,6.5,6.6,6.6,6.6,6.5,5.8,7.0,6.41,6.4,6.4,A
212,INGENIERIA CIVIL INFORMATICA,17336,1.0,1.0,1.0,1.0,1.4,1.0,1.6,1.12,1.0,1.1,R
213,INGENIERIA CIVIL INDUSTRIAL,18535,7.0,5.2,5.7,6.0,7.0,5.8,5.9,6.07,6.1,6.1,A
214,INGENIERIA CIVIL INDUSTRIAL,17250,5.6,5.1,6.0,5.6,6.0,6.5,5.2,5.83,5.8,5.8,A
215,INGENIERIA CIVIL INDUSTRIAL,17250,7.0,5.7,6.4,6.4,7.0,6.5,7.0,6.56,6.6,6.6,A
216,INGENIERIA CIVIL INDUSTRIAL,17328,5.4,6.0,5.5,5.6,3.5,3.8,7.0,4.98,5.0,5.0,A
217,INGENIERIA CIVIL INDUSTRIAL,17341,7.0,6.8,6.8,6.9,3.0,7.0,7.0,6.33,6.3,6.3,A
218,INGENIERIA EN COMPUTACION E INFORMATICA,17331,5.0,6.0,5.9,5.6,6.5,1.0,1.0,4.13,5.6,4.6,A
219,INGENIERIA CIVIL INFORMATICA,17331,6.2,5.3,6.0,5.8,3.5,3.6,7.0,5.03,5.0,5.0,A
220,INGENIERIA CIVIL INDUSTRIAL,17327,4.8,6.8,6.6,6.1,6.8,7.0,7.0,6.5,6.5,6.5,A
221,INGENIERIA CIVIL INFORMATICA,17338,7.0,6.8,6.4,6.7,7.0,6.9,7.0,6.83,6.8,6.8,A
222,INGENIERIA EN COMPUTACION E INFORMATICA,17331,6.8,5.5,2.0,4.8,1.0,1.0,1.9,2.97,1.0,2.4,R
223,INGENIERIA EN COMPUTACION E INFORMATICA,17330,6.8,6.2,6.4,6.4,7.0,6.9,7.0,6.7,6.7,6.7,A
224,INGENIERIA CIVIL INDUSTRIAL,17332,6.2,6.5,6.6,6.4,5.3,1.0,7.0,4.95,5.0,5.0,A
225,INGENIERIA CIVIL INFORMATICA,17335,4.4,2.5,1.0,2.6,1.0,6.0,1.0,3.06,1.0,2.4,R
226,INGENIERIA EN COMPUTACION E INFORMATICA,17331,5.3,6.2,4.7,5.4,1.0,1.0,7.0,3.8,5.2,4.2,A
227,INGENIERIA EN COMPUTACION E INFORMATICA,17345,4.8,5.8,4.2,4.9,5.5,4.0,1.0,4.38,6.0,4.9,A
228,INGENIERIA CIVIL INDUSTRIAL,17322,6.6,6.4,6.6,6.5,4.7,6.8,7.0,6.36,6.4,6.4,A
229,INGENIERIA CIVIL INFORMATICA,17339,6.6,5.7,7.0,6.4,1.0,7.0,7.0,5.81,5.8,5.8,A
230,INGENIERIA CIVIL INFORMATICA,17335,6.3,5.7,5.9,6.0,1.0,6.8,7.0,5.53,5.5,5.5,A
231,INGENIERIA EN COMPUTACION E INFORMATICA,17345,4.8,5.6,3.5,4.6,5.5,1.0,1.0,3.48,3.0,3.3,R
232,INGENIERIA EN COMPUTACION E INFORMATICA,17322,4.4,6.5,3.0,4.6,3.5,5.1,4.9,4.6,1.4,3.6,R
233,INGENIERIA CIVIL INDUSTRIAL,17929,6.0,5.1,4.1,5.1,6.8,1.0,2.8,4.08,6.4,4.8,A
234,INGENIERIA CIVIL INDUSTRIAL,17931,5.2,4.7,4.2,4.7,5.0,1.0,7.0,4.05,5.0,4.3,A
235,INGENIERIA EN COMPUTACION E INFORMATICA,17323,6.3,5.4,4.7,5.5,6.5,7.0,7.0,6.16,6.2,6.2,A
236,INGENIERIA CIVIL INFORMATICA,17339,5.0,3.9,4.3,4.4,5.0,7.0,7.0,5.4,5.4,5.4,A
237,INGENIERIA CIVIL INFORMATICA,17329,6.8,5.4,6.3,6.1,6.3,6.4,7.0,6.32,6.3,6.3,A
238,INGENIERIA EN COMPUTACION E INFORMATICA,17330,6.3,6.6,6.3,6.3,7.0,6.1,7.0,6.46,5.8,6.3,A
239,INGENIERIA EN COMPUTACION E INFORMATICA,17331,7.0,1.0,6.8,6.3,6.5,5.7,7.0,5.73,5.8,5.8,A
240,INGENIERIA CIVIL INDUSTRIAL,17326,6.2,6.8,6.2,6.4,6.5,7.0,7.0,6.62,6.6,6.6,A
241,INGENIERIA EN COMPUTACION E INFORMATICA,17331,6.4,6.2,4.6,5.7,1.0,6.8,7.0,5.41,5.4,5.4,A
242,INGENIERIA CIVIL INFORMATICA,17338,5.8,6.3,5.5,5.9,1.0,1.0,7.0,4.03,6.6,4.8,A
243,INGENIERIA CIVIL INFORMATICA,17339,6.2,6.8,6.8,6.6,5.0,7.0,7.0,6.5,6.5,6.5,A
244,INGENIERIA CIVIL INFORMATICA,17333,5.7,5.0,5.4,5.4,7.0,3.8,7.0,5.38,5.4,5.4,A
245,INGENIERIA CIVIL INFORMATICA,17336,6.4,5.2,4.9,4.0,2.0,5.9,5.5,4.88,5.0,4.9,A
246,INGENIERIA CIVIL INFORMATICA,17339,6.4,6.6,6.3,6.4,7.0,7.0,7.0,6.71,6.7,6.7,A
247,INGENIERIA CIVIL INDUSTRIAL,17341,5.0,6.5,5.2,5.9,1.0,7.0,7.0,5.42,5.4,5.4,A
248,INGENIERIA CIVIL INFORMATICA,17323,6.8,6.1,7.0,6.6,6.0,7.0,7.0,6.66,6.7,6.7,A
249,INGENIERIA EN COMPUTACION E INFORMATICA,17323,6.1,4.5,6.0,5.5,4.0,7.0,7.0,5.81,5.8,5.8,A
250,INGENIERIA CIVIL INDUSTRIAL,17341,5.6,5.7,6.0,5.8,3.0,7.0,7.0,5.78,5.8,5.8,A
251,INGENIERIA CIVIL INDUSTRIAL,17334,5.5,4.7,6.2,5.5,1.0,2.2,7.0,4.13,3.6,4.0,A
252,INGENIERIA EN COMPUTACION E INFORMATICA,17336,6.9,6.3,6.0,6.3,2.0,5.9,7.0,5.66,5.6,5.6,A
253,INGENIERIA EN COMPUTACION E INFORMATICA,17336,6.8,6.2,5.4,6.1,6.3,5.7,7.0,6.13,6.1,6.1,A
254,INGENIERIA CIVIL INDUSTRIAL,18535,6.8,4.3,6.0,5.7,7.0,4.5,5.9,5.61,5.6,5.6,A
255,INGENIERIA CIVIL INFORMATICA,17339,4.2,6.2,6.0,5.5,7.0,6.1,7.0,6.01,6.0,6.0,A
256,INGENIERIA CIVIL INDUSTRIAL,17328,7.0,6.4,6.4,6.6,1.0,5.4,7.0,5.5,5.5,5.5,A
257,INGENIERIA CIVIL INFORMATICA,17335,6.1,6.3,6.2,6.2,3.0,7.0,7.0,6.0,6.0,6.0,A
258,INGENIERIA CIVIL INDUSTRIAL,17931,6.6,5.5,7.0,6.4,5.5,5.5,7.0,6.08,6.1,6.1,A
259,INGENIERIA CIVIL INFORMATICA,17339,7.0,6.2,4.5,5.9,7.0,7.0,7.0,6.45,6.5,6.5,A
260,INGENIERIA CIVIL INFORMATICA,17336,3.6,1.9,1.0,1.9,1.0,1.0,1.6,1.61,1.4,1.5,R
261,INGENIERIA EN COMPUTACION E INFORMATICA,17931,4.8,5.8,6.2,5.6,1.0,4.7,2.2,4.34,1.0,3.3,R
262,INGENIERIA CIVIL INDUSTRIAL,17929,5.8,5.8,6.1,5.9,6.0,4.6,7.0,5.7,5.7,5.7,A
263,INGENIERIA EN COMPUTACION E INFORMATICA,17340,4.9,5.3,3.0,4.4,5.5,1.0,6.7,3.94,3.6,3.8,R
264,INGENIERIA CIVIL INDUSTRIAL,17327,6.7,6.2,6.6,6.5,1.1,7.0,7.0,5.86,5.9,5.9,A
265,INGENIERIA EN COMPUTACION E INFORMATICA,17336,4.8,5.6,4.7,2.9,1.4,1.0,7.0,3.41,5.7,4.1,A
266,INGENIERIA EN COMPUTACION E INFORMATICA,17330,2.8,1.0,1.0,1.6,7.0,1.0,1.0,2.2,1.7,2.1,R
267,INGENIERIA CIVIL INFORMATICA,17336,6.4,6.8,6.3,6.3,6.2,5.0,7.0,6.1,6.0,6.1,A
268,INGENIERIA EN COMPUTACION E INFORMATICA,17323,6.4,6.6,6.5,6.5,6.5,7.0,7.0,6.67,6.7,6.7,A
269,INGENIERIA CIVIL INDUSTRIAL,18535,7.0,5.3,5.6,6.0,6.8,6.5,5.9,6.22,6.2,6.2,A
270,INGENIERIA CIVIL INDUSTRIAL,17322,6.6,5.8,5.2,5.9,5.3,4.4,7.0,5.53,5.5,5.5,A
271,INGENIERIA CIVIL INDUSTRIAL,17326,6.6,7.0,6.3,6.3,7.0,7.0,7.0,6.77,6.8,6.8,A
272,INGENIERIA CIVIL INFORMATICA,17337,5.6,6.4,6.1,6.0,3.1,1.0,2.3,3.95,4.8,4.2,A
273,INGENIERIA CIVIL INDUSTRIAL,17333,6.7,6.0,6.2,6.3,4.0,7.0,7.0,6.2,6.2,6.2,A
274,INGENIERIA EN COMPUTACION E INFORMATICA,18556,3.6,2.2,1.0,2.3,1.0,1.0,1.0,1.63,1.0,1.4,R
275,INGENIERIA EN COMPUTACION E INFORMATICA,17929,5.6,3.0,4.2,4.3,4.6,1.0,5.5,3.62,5.6,4.2,A
276,INGENIERIA CIVIL INDUSTRIAL,17322,5.0,6.4,6.5,6.0,4.9,5.4,7.0,5.77,5.8,5.8,A
277,INGENIERIA CIVIL INDUSTRIAL,18535,6.0,4.9,3.9,4.9,7.0,6.0,4.8,5.49,5.5,5.5,A
278,INGENIERIA CIVIL INFORMATICA,17336,1.0,6.1,1.0,2.7,1.3,1.0,1.6,1.95,1.9,1.9,R
279,INGENIERIA CIVIL INFORMATICA,17335,7.0,6.0,6.6,6.3,1.0,6.8,7.0,5.78,5.8,5.8,A
280,INGENIERIA EN COMPUTACION E INFORMATICA,17337,4.2,4.0,2.5,3.6,6.5,4.6,3.7,4.28,4.6,4.4,A
281,INGENIERIA CIVIL INDUSTRIAL,17332,6.8,7.0,6.6,6.8,6.9,7.0,7.0,6.88,6.9,6.9,A
282,INGENIERIA CIVIL INDUSTRIAL,17341,6.2,5.2,4.6,5.3,1.0,1.0,2.8,3.34,6.4,4.3,A
283,INGENIERIA CIVIL INDUSTRIAL,17328,6.4,6.0,6.0,6.1,6.0,6.2,7.0,6.21,6.6,6.3,A
284,INGENIERIA EN COMPUTACION E INFORMATICA,18556,6.6,6.5,6.7,6.6,5.0,4.0,7.0,5.75,5.7,5.7,A
285,INGENIERIA CIVIL INDUSTRIAL,17341,5.6,4.8,5.1,5.2,6.0,6.8,6.1,5.79,5.8,5.8,A
286,INGENIERIA CIVIL INDUSTRIAL,17322,5.8,6.4,5.9,6.0,6.5,6.9,7.0,6.41,6.4,6.4,A
287,INGENIERIA INDUSTRIAL,17323,4.8,6.5,5.7,5.7,1.0,7.0,7.0,5.43,5.4,5.4,A
288,INGENIERIA CIVIL INDUSTRIAL,17322,6.2,6.2,6.6,6.3,5.8,1.0,7.0,4.98,5.0,5.0,A
289,INGENIERIA CIVIL INDUSTRIAL,17328,7.0,6.6,6.4,6.7,7.0,7.0,7.0,6.83,6.8,6.8,A
290,INGENIERIA CIVIL INDUSTRIAL,17929,5.4,5.0,5.0,5.1,4.6,5.0,7.0,5.2,5.2,5.2,A
291,INGENIERIA CIVIL INFORMATICA,17339,6.7,5.4,5.4,5.8,7.0,7.0,7.0,6.41,6.4,6.4,A
292,INGENIERIA EN COMPUTACION E INFORMATICA,17337,5.9,5.7,6.1,5.9,3.5,3.5,6.4,4.99,5.0,5.0,A
293,INGENIERIA CIVIL INDUSTRIAL,17327,6.5,4.8,6.6,6.0,1.0,2.8,7.0,4.53,5.6,4.9,A
294,INGENIERIA CIVIL INDUSTRIAL,17250,5.8,4.7,4.6,5.0,1.0,6.6,6.4,4.95,5.0,5.0,A
295,INGENIERIA CIVIL INFORMATICA,17322,7.0,7.0,6.4,6.8,7.0,1.0,7.0,5.4,5.4,5.4,A
296,INGENIERIA CIVIL INDUSTRIAL,17338,6.8,6.4,6.6,6.6,7.0,6.9,7.0,6.77,6.8,6.8,A
297,INGENIERIA EN COMPUTACION E INFORMATICA,17340,6.0,6.0,6.1,6.0,6.0,1.0,1.0,4.26,5.0,4.5,A
298,INGENIERIA CIVIL INFORMATICA,17335,6.5,5.5,5.1,5.7,7.0,6.0,7.0,6.1,6.1,6.1,A
299,INGENIERIA EN COMPUTACION E INFORMATICA,17330,4.2,5.8,3.1,3.0,7.0,3.8,5.5,4.56,3.9,4.4,A
300,INGENIERIA CIVIL INFORMATICA,17329,5.6,4.5,4.7,4.6,6.2,5.0,4.0,5.0,5.1,5.0,A
301,INGENIERIA EN COMPUTACION E INFORMATICA,17337,4.8,6.3,5.6,5.6,3.1,4.3,6.4,4.96,5.0,5.0,A
302,INGENIERIA CIVIL INDUSTRIAL,17931,5.6,4.1,2.9,4.2,1.0,1.0,7.0,3.2,4.0,3.4,R
303,INGENIERIA CIVIL INDUSTRIAL,17931,6.6,5.5,4.0,5.4,5.9,1.0,7.0,4.52,6.6,5.1,A
304,INGENIERIA EN COMPUTACION E INFORMATICA,17929,7.0,5.9,6.0,6.3,4.2,5.5,7.0,5.85,5.9,5.9,A
305,INGENIERIA CIVIL INDUSTRIAL,17322,5.7,6.6,6.1,6.1,5.3,4.4,7.0,5.65,5.7,5.7,A
306,INGENIERIA CIVIL INFORMATICA,17336,6.4,6.2,6.2,6.2,7.0,5.7,6.4,6.24,6.2,6.2,A
307,INGENIERIA EN COMPUTACION E INFORMATICA,17323,6.6,6.0,5.4,6.0,6.5,5.5,7.0,6.05,6.1,6.1,A
308,INGENIERIA CIVIL INFORMATICA,17339,6.8,6.7,6.2,6.6,7.0,7.0,7.0,6.78,6.8,6.8,A
309,INGENIERIA EN COMPUTACION E INFORMATICA,17336,5.5,5.0,5.0,5.0,6.2,5.7,5.8,5.49,5.4,5.5,A
310,INGENIERIA CIVIL INDUSTRIAL,17328,7.0,6.3,6.5,6.6,6.0,7.0,7.0,6.65,6.7,6.7,A
311,INGENIERIA CIVIL INDUSTRIAL,17327,5.8,5.8,6.8,6.1,6.6,7.0,7.0,6.5,6.5,6.5,A
312,INGENIERIA CIVIL INDUSTRIAL,17931,6.2,6.0,5.8,6.0,5.9,2.8,7.0,5.28,5.3,5.3,A
313,INGENIERIA CIVIL INDUSTRIAL,17334,6.9,5.6,5.9,6.1,2.5,6.3,7.0,5.71,5.7,5.7,A
314,INGENIERIA CIVIL INFORMATICA,17335,6.6,5.2,5.7,5.8,7.0,7.0,7.0,6.41,6.4,6.4,A
315,INGENIERIA CIVIL INDUSTRIAL,17332,6.7,6.6,6.8,6.7,7.0,1.0,7.0,5.35,5.4,5.4,A
316,INGENIERIA EN COMPUTACION E INFORMATICA,17340,6.9,6.3,4.7,6.0,2.0,2.7,7.0,4.66,4.6,4.6,A
317,INGENIERIA CIVIL INDUSTRIAL,17341,6.6,5.8,6.4,6.3,3.0,7.0,7.0,6.03,6.0,6.0,A
318,INGENIERIA CIVIL INFORMATICA,17339,6.8,6.0,6.4,6.4,1.0,5.4,7.0,5.4,5.4,5.4,A
319,INGENIERIA CIVIL INFORMATICA,17336,6.2,6.1,6.5,5.8,1.5,2.8,7.0,4.7,6.2,5.2,A
320,INGENIERIA CIVIL INDUSTRIAL,17338,5.4,4.9,5.2,5.2,1.1,4.2,7.0,4.5,4.6,4.5,A
321,INGENIERIA EN COMPUTACION E INFORMATICA,17331,5.7,5.4,3.7,4.9,1.0,1.0,1.0,2.96,4.4,3.4,R
322,INGENIERIA INDUSTRIAL,17323,6.2,6.4,5.8,6.1,7.0,5.0,1.6,5.52,5.5,5.5,A
323,INGENIERIA EN COMPUTACION E INFORMATICA,17336,4.2,1.0,2.9,2.7,1.0,1.0,1.6,1.91,2.0,1.9,R
324,INGENIERIA CIVIL INFORMATICA,17333,6.2,6.6,6.0,6.3,6.0,4.8,7.0,5.93,5.9,5.9,A
325,INGENIERIA CIVIL INDUSTRIAL,17341,6.3,6.3,6.6,6.4,5.0,7.0,7.0,6.4,6.4,6.4,A
326,INGENIERIA CIVIL INDUSTRIAL,17931,6.6,5.8,6.0,6.1,5.9,4.7,7.0,5.82,5.8,5.8,A
327,INGENIERIA CIVIL INDUSTRIAL,17349,5.9,4.2,6.2,5.9,7.0,5.2,1.0,5.22,5.8,5.4,A
328,INGENIERIA INDUSTRIAL,17323,6.4,3.4,4.1,4.6,6.0,7.0,2.5,5.21,5.2,5.2,A
329,INGENIERIA CIVIL INFORMATICA,17335,5.1,6.1,6.8,6.0,7.0,6.0,7.0,6.25,6.3,6.3,A
330,INGENIERIA CIVIL INDUSTRIAL,17931,5.8,6.2,4.8,5.6,4.5,2.8,7.0,4.87,4.0,4.6,A
331,INGENIERIA EN COMPUTACION E INFORMATICA,17322,6.4,6.4,5.8,6.2,6.6,3.8,7.0,5.74,5.7,5.7,A
332,INGENIERIA CIVIL INDUSTRIAL,17326,6.6,5.1,6.0,5.9,7.0,7.0,7.0,6.45,6.5,6.5,A
333,INGENIERIA CIVIL INDUSTRIAL,17332,6.9,6.4,6.4,6.6,4.8,1.0,7.0,4.95,5.0,5.0,A
334,INGENIERIA CIVIL INDUSTRIAL,17334,6.0,4.4,6.2,5.5,1.0,2.2,4.9,3.95,5.2,4.3,A
335,INGENIERIA CIVIL INDUSTRIAL,17326,7.0,5.7,5.4,6.0,7.0,7.0,7.0,6.51,6.5,6.5,A
336,INGENIERIA CIVIL INDUSTRIAL,17328,6.6,5.4,2.8,4.9,1.0,1.0,7.0,3.56,5.1,4.0,A
337,INGENIERIA EN COMPUTACION E INFORMATICA,17340,6.5,5.9,5.8,6.1,5.5,4.2,7.0,5.61,5.6,5.6,A
338,INGENIERIA CIVIL INFORMATICA,17336,5.1,4.9,4.4,4.4,1.0,1.0,2.5,3.0,2.8,2.9,R
339,INGENIERIA EN COMPUTACION E INFORMATICA,17340,6.7,5.6,5.0,5.8,1.0,4.6,7.0,4.88,5.4,5.0,A
340,INGENIERIA CIVIL INDUSTRIAL,17328,7.0,5.4,6.2,6.2,1.0,7.0,7.0,5.7,5.7,5.7,A
341,INGENIERIA EN COMPUTACION E INFORMATICA,17330,6.8,6.5,5.2,6.5,6.7,3.5,7.0,5.7,5.9,5.8,A
342,INGENIERIA EN COMPUTACION E INFORMATICA,17332,6.2,6.1,6.4,6.2,5.0,6.1,7.0,6.08,6.1,6.1,A
343,INGENIERIA EN COMPUTACION E INFORMATICA,17331,4.4,4.4,3.6,4.1,1.0,1.0,1.9,2.65,5.0,3.4,R
344,INGENIERIA CIVIL INDUSTRIAL,17931,3.8,5.4,6.8,5.3,6.6,5.5,7.0,5.72,5.7,5.7,A
345,INGENIERIA CIVIL INFORMATICA,17335,6.4,5.4,5.5,5.8,7.0,7.0,7.0,6.38,6.4,6.4,A
346,INGENIERIA CIVIL INFORMATICA,17339,7.0,7.0,5.3,6.4,7.0,7.0,7.0,6.71,6.7,6.7,A
347,INGENIERIA EN COMPUTACION E INFORMATICA,18556,5.8,5.5,4.3,5.2,7.0,7.0,7.0,6.1,6.1,6.1,A
348,INGENIERIA EN COMPUTACION E INFORMATICA,17331,4.7,5.7,5.0,5.1,1.0,5.7,5.5,4.68,5.4,4.9,A
349,INGENIERIA CIVIL INFORMATICA,17338,6.5,5.4,7.0,6.3,7.0,6.8,7.0,6.6,6.6,6.6,A
350,INGENIERIA CIVIL INDUSTRIAL,17327,4.8,5.0,4.1,4.6,6.6,7.0,7.0,5.75,5.8,5.8,A
351,INGENIERIA CIVIL INDUSTRIAL,17328,6.6,5.7,5.9,6.1,6.5,7.0,7.0,6.46,6.5,6.5,A
352,INGENIERIA CIVIL INFORMATICA,17339,6.6,6.4,5.7,6.2,1.0,1.0,7.0,4.21,6.0,4.7,A
353,INGENIERIA CIVIL INDUSTRIAL,17334,7.0,5.6,6.4,6.3,2.5,1.0,7.0,4.48,5.0,4.6,A
354,INGENIERIA EN COMPUTACION E INFORMATICA,17931,6.0,4.9,4.6,5.2,6.0,1.0,7.0,4.43,3.6,4.2,A
355,INGENIERIA CIVIL INFORMATICA,17335,6.4,4.8,5.2,5.5,7.0,6.0,6.7,5.95,6.0,6.0,A
356,INGENIERIA EN COMPUTACION E INFORMATICA,17331,4.0,2.0,2.5,2.8,1.0,1.0,1.0,1.91,1.0,1.6,R
357,INGENIERIA CIVIL INFORMATICA,17329,6.2,6.4,5.9,6.4,6.0,6.2,4.0,5.96,6.0,6.0,A
358,INGENIERIA CIVIL INDUSTRIAL,17341,4.4,4.8,6.6,5.3,6.0,6.8,6.1,5.84,5.8,5.8,A
359,INGENIERIA CIVIL INDUSTRIAL,17334,6.7,5.2,4.9,5.6,1.0,6.9,7.0,5.37,5.4,5.4,A
360,INGENIERIA CIVIL INFORMATICA,17338,6.6,6.2,6.2,6.3,7.0,6.8,6.4,6.55,6.6,6.6,A
361,INGENIERIA CIVIL INDUSTRIAL,17328,4.8,5.3,6.2,5.4,5.5,7.0,7.0,5.98,6.0,6.0,A
362,INGENIERIA CIVIL INFORMATICA,17339,7.0,7.0,6.0,6.7,6.5,7.0,7.0,6.76,6.8,6.8,A
363,INGENIERIA CIVIL INDUSTRIAL,17334,6.3,5.5,5.8,5.9,5.0,3.4,7.0,5.23,5.3,5.3,A
364,INGENIERIA CIVIL INFORMATICA,17338,6.0,5.9,5.8,5.9,3.8,6.7,7.0,5.89,5.9,5.9,A
365,INGENIERIA CIVIL INDUSTRIAL,17341,6.2,5.9,6.6,6.2,6.0,6.0,7.0,6.21,6.2,6.2,A
366,INGENIERIA CIVIL INDUSTRIAL,17332,5.0,6.3,4.2,5.2,7.0,3.7,4.0,4.96,5.0,5.0,A
367,INGENIERIA CIVIL INDUSTRIAL,17250,6.1,4.4,5.7,5.4,1.0,6.6,4.6,4.96,5.0,5.0,A
368,INGENIERIA INDUSTRIAL,17323,6.3,4.2,5.0,5.2,1.0,7.0,7.0,5.18,5.2,5.2,A
369,INGENIERIA CIVIL INDUSTRIAL,17334,6.3,5.5,5.0,5.6,1.0,1.0,7.0,3.9,6.2,4.6,A
370,INGENIERIA CIVIL INFORMATICA,17339,7.0,6.8,6.2,6.7,6.5,7.0,7.0,6.76,6.8,6.8,A
371,INGENIERIA CIVIL INDUSTRIAL,17332,6.6,6.1,6.8,6.5,5.3,1.0,7.0,4.99,5.0,5.0,A
372,INGENIERIA CIVIL INDUSTRIAL,17327,6.9,6.0,5.9,6.3,3.5,1.0,7.0,4.61,4.8,4.7,A
373,INGENIERIA CIVIL INFORMATICA,17337,6.4,6.7,6.2,6.4,3.5,5.6,7.0,5.83,5.8,5.8,A
374,INGENIERIA CIVIL INDUSTRIAL,17250,7.0,4.4,4.9,5.4,1.0,6.5,6.4,5.12,5.1,5.1,A
375,INGENIERIA INDUSTRIAL,17323,6.2,5.9,6.6,6.2,5.0,7.0,7.0,6.31,6.3,6.3,A
376,INGENIERIA CIVIL INDUSTRIAL,17341,7.0,5.8,6.4,6.4,6.0,6.0,7.0,6.3,6.3,6.3,A
377,INGENIERIA CIVIL INDUSTRIAL,17332,6.8,6.5,6.4,6.6,7.0,7.0,7.0,6.78,6.8,6.8,A
378,INGENIERIA CIVIL INFORMATICA,17329,6.2,5.6,6.6,6.1,6.0,5.5,4.0,5.73,5.8,5.8,A
379,INGENIERIA CIVIL INDUSTRIAL,17328,7.0,6.7,5.9,6.5,6.5,4.6,7.0,6.08,6.1,6.1,A
380,INGENIERIA EN COMPUTACION E INFORMATICA,17330,3.7,6.6,5.5,3.7,6.2,3.7,7.0,4.99,5.0,5.0,A
381,INGENIERIA EN COMPUTACION E INFORMATICA,17336,2.0,2.4,2.1,2.1,1.0,1.0,6.7,2.14,2.1,2.1,R
382,INGENIERIA CIVIL INDUSTRIAL,18556,6.6,6.3,6.4,6.4,7.0,4.0,7.0,5.96,6.0,6.0,A
383,INGENIERIA CIVIL INFORMATICA,17339,6.2,5.2,6.1,5.8,4.0,7.0,7.0,5.96,6.0,6.0,A
384,INGENIERIA CIVIL INFORMATICA,17338,5.8,7.0,5.1,6.0,5.8,1.0,6.4,4.74,4.0,4.5,A
385,INGENIERIA CIVIL INDUSTRIAL,18556,6.8,6.4,7.0,6.7,7.0,4.0,7.0,6.11,6.1,6.1,A
386,INGENIERIA CIVIL INDUSTRIAL,17341,1.0,2.4,1.0,1.5,1.0,7.0,4.0,3.03,1.0,2.4,R
387,INGENIERIA CIVIL INFORMATICA,17333,5.7,5.9,4.5,5.4,4.5,7.0,7.0,5.81,5.8,5.8,A
388,INGENIERIA CIVIL INFORMATICA,17339,6.8,6.6,6.3,6.6,1.0,7.0,7.0,5.88,5.9,5.9,A
389,INGENIERIA CIVIL INFORMATICA,17338,6.9,7.0,7.0,7.0,7.0,7.0,7.0,6.98,7.0,7.0,A
390,INGENIERIA CIVIL INDUSTRIAL,17334,7.0,4.9,6.0,6.0,2.5,1.0,7.0,4.31,4.4,4.3,A
391,INGENIERIA CIVIL INFORMATICA,17337,5.8,6.8,7.0,6.5,6.5,4.6,6.4,6.02,6.0,6.0,A
392,INGENIERIA CIVIL INDUSTRIAL,17322,5.9,6.8,6.6,6.4,5.8,1.0,7.0,5.03,5.0,5.0,A
393,INGENIERIA CIVIL INFORMATICA,17931,7.0,7.0,5.9,6.6,7.0,5.3,7.0,6.38,6.4,6.4,A
394,INGENIERIA EN COMPUTACION E INFORMATICA,17323,6.3,5.6,4.6,5.5,4.0,7.0,7.0,5.8,5.8,5.8,A
395,INGENIERIA EN COMPUTACION E INFORMATICA,17331,6.8,5.2,5.0,5.7,6.0,3.9,7.0,5.41,5.4,5.4,A
396,INGENIERIA CIVIL INDUSTRIAL,17332,7.0,6.3,6.6,6.6,7.0,3.7,7.0,5.98,6.0,6.0,A
397,INGENIERIA CIVIL INFORMATICA,17333,7.0,4.1,5.6,5.6,4.0,7.0,7.0,5.83,5.8,5.8,A
398,INGENIERIA INDUSTRIAL,17333,6.6,6.6,4.7,6.0,7.0,7.0,7.0,6.48,6.5,6.5,A
399,INGENIERIA CIVIL INDUSTRIAL,17929,6.6,6.7,6.8,6.7,7.0,5.4,7.0,6.45,6.5,6.5,A
400,INGENIERIA CIVIL INDUSTRIAL,17341,5.3,4.2,6.5,5.3,1.0,1.0,7.0,3.76,4.6,4.0,A
401,INGENIERIA CIVIL INDUSTRIAL,17328,5.4,5.6,6.8,5.9,2.0,7.0,7.0,5.71,5.7,5.7,A
402,INGENIERIA CIVIL INDUSTRIAL,18535,7.0,6.1,6.2,6.4,6.8,6.5,5.9,6.44,6.4,6.4,A
403,INGENIERIA CIVIL INFORMATICA,17329,2.2,5.4,6.5,6.0,6.3,1.0,5.0,4.2,3.6,4.0,A
404,INGENIERIA EN COMPUTACION E INFORMATICA,18556,6.0,6.3,6.0,6.1,4.0,4.0,7.0,5.35,5.4,5.4,A
405,INGENIERIA EN COMPUTACION E INFORMATICA,17331,5.7,6.4,4.7,5.6,6.5,5.0,7.0,5.72,5.7,5.7,A
406,INGENIERIA CIVIL INDUSTRIAL,17327,7.0,7.0,7.0,7.0,7.0,7.0,7.0,7.0,7.0,7.0,A
407,INGENIERIA CIVIL INDUSTRIAL,17332,7.0,6.7,7.0,6.9,6.3,7.0,7.0,6.84,6.8,6.8,A
408,INGENIERIA CIVIL INDUSTRIAL,17334,4.5,5.2,4.8,4.8,6.5,1.0,7.0,4.33,4.6,4.4,A
409,INGENIERIA EN COMPUTACION E INFORMATICA,17340,6.4,6.5,6.4,6.4,6.0,5.8,7.0,6.26,6.3,6.3,A
410,INGENIERIA CIVIL INFORMATICA,17333,4.7,5.8,6.0,5.5,4.5,3.8,7.0,5.07,5.1,5.1,A
411,INGENIERIA CIVIL INFORMATICA,17339,5.3,6.1,5.1,5.5,4.0,7.0,7.0,5.8,5.8,5.8,A
412,INGENIERIA CIVIL INDUSTRIAL,17322,6.3,6.4,5.9,6.2,5.8,1.0,7.0,4.92,5.2,5.0,A
413,INGENIERIA CIVIL INDUSTRIAL,17338,6.9,5.7,6.5,6.4,1.0,1.0,7.0,4.28,6.4,4.9,A
414,INGENIERIA CIVIL INDUSTRIAL,17250,6.0,2.1,5.7,4.6,1.0,1.0,6.7,3.37,1.0,2.7,R
415,INGENIERIA CIVIL INFORMATICA,17337,6.4,6.6,6.8,6.6,6.5,4.6,6.7,6.09,6.1,6.1,A
416,INGENIERIA CIVIL INFORMATICA,17338,5.8,6.9,6.1,6.3,7.0,5.6,7.0,6.28,6.3,6.3,A
417,INGENIERIA CIVIL INDUSTRIAL,17327,6.8,6.3,6.4,6.5,7.0,7.0,7.0,6.75,6.8,6.8,A
418,INGENIERIA CIVIL INDUSTRIAL,17332,7.0,6.9,6.6,6.8,6.3,7.0,7.0,6.8,6.8,6.8,A
419,INGENIERIA EN COMPUTACION E INFORMATICA,17331,6.4,5.6,5.8,5.9,3.5,5.4,7.0,5.53,5.5,5.5,A
420,INGENIERIA EN COMPUTACION E INFORMATICA,17336,7.0,6.7,6.7,6.7,5.7,2.5,6.4,5.5,5.5,5.5,A
421,INGENIERIA CIVIL INDUSTRIAL,17338,5.2,6.4,6.2,5.9,6.5,7.0,7.0,6.38,6.4,6.4,A
422,INGENIERIA CIVIL INDUSTRIAL,17341,5.0,4.0,5.8,4.9,3.0,5.0,6.7,4.83,4.4,4.7,A
423,INGENIERIA CIVIL INFORMATICA,17335,4.0,3.8,3.2,3.7,1.0,6.0,5.5,4.03,2.8,3.7,R
424,INGENIERIA CIVIL INFORMATICA,17338,6.8,6.2,6.6,6.5,7.0,5.6,7.0,6.41,6.4,6.4,A
425,INGENIERIA INDUSTRIAL,17323,6.4,6.6,5.1,6.0,6.5,7.0,7.0,6.43,6.4,6.4,A
426,INGENIERIA EN COMPUTACION E INFORMATICA,17340,6.9,6.5,6.4,6.6,5.5,5.2,7.0,6.12,6.1,6.1,A
427,INGENIERIA EN COMPUTACION E INFORMATICA,17331,5.3,6.5,5.6,5.8,2.5,5.8,7.0,5.42,5.4,5.4,A
428,INGENIERIA CIVIL INDUSTRIAL,17328,7.0,6.0,7.0,6.7,5.5,7.0,7.0,6.61,6.6,6.6,A
429,INGENIERIA CIVIL INDUSTRIAL,17322,5.5,6.8,5.5,5.9,6.6,3.8,7.0,5.6,5.6,5.6,A
430,INGENIERIA CIVIL INDUSTRIAL,17931,6.8,5.5,4.0,5.4,5.5,5.6,7.0,5.63,5.6,5.6,A
431,INGENIERIA CIVIL INDUSTRIAL,18556,6.0,7.0,6.0,6.4,7.0,7.0,7.0,6.67,6.7,6.7,A
432,INGENIERIA CIVIL INFORMATICA,17339,5.0,6.2,6.3,5.8,5.0,7.0,7.0,6.11,6.1,6.1,A
433,INGENIERIA CIVIL INFORMATICA,17329,5.8,5.3,6.1,5.9,5.5,5.5,5.0,5.58,5.6,5.6,A
434,INGENIERIA CIVIL INFORMATICA,17335,6.6,5.1,6.2,6.0,1.0,1.0,3.1,3.69,4.6,4.0,A
435,INGENIERIA CIVIL INFORMATICA,17333,6.2,6.6,6.2,6.3,6.5,3.8,7.0,5.78,5.8,5.8,A
436,INGENIERIA CIVIL INFORMATICA,17336,6.3,6.5,6.0,4.9,6.7,4.8,7.0,5.86,6.2,6.0,A
437,INGENIERIA CIVIL INFORMATICA,17337,6.3,4.9,5.8,5.7,3.5,4.1,6.3,5.01,5.0,5.0,A
438,INGENIERIA EN COMPUTACION E INFORMATICA,17337,5.9,5.8,5.1,5.6,3.5,2.5,3.5,4.3,5.0,4.5,A
439,INGENIERIA INDUSTRIAL,17346,5.0,1.0,1.0,1.0,1.0,1.0,1.0,1.5,1.0,1.4,R
440,INGENIERIA CIVIL INDUSTRIAL,17341,6.6,7.0,6.8,6.8,6.0,7.0,7.0,6.75,6.8,6.8,A
441,INGENIERIA CIVIL INDUSTRIAL,17341,6.0,4.0,5.7,5.2,7.0,5.0,7.0,5.61,5.6,5.6,A
442,INGENIERIA CIVIL INFORMATICA,17338,6.6,6.4,7.0,6.7,5.8,1.0,7.0,5.15,5.2,5.2,A
443,INGENIERIA CIVIL INFORMATICA,17329,4.6,6.0,6.4,6.3,6.0,6.3,7.0,6.08,6.1,6.1,A
444,INGENIERIA EN COMPUTACION E INFORMATICA,17331,7.0,6.0,5.5,6.2,4.0,5.8,7.0,5.83,5.9,5.9,A
445,INGENIERIA CIVIL INFORMATICA,17339,6.5,5.6,6.4,6.2,1.0,7.0,7.0,5.68,5.7,5.7,A
446,INGENIERIA EN COMPUTACION E INFORMATICA,17337,4.2,1.0,1.0,4.2,1.0,1.0,1.0,1.8,1.0,1.6,R
447,INGENIERIA CIVIL INDUSTRIAL,18556,5.9,4.6,4.6,5.9,5.0,4.0,7.0,5.07,5.1,5.1,A
448,INGENIERIA CIVIL INDUSTRIAL,17929,5.8,5.2,4.8,5.3,1.0,1.0,6.1,3.64,5.4,4.2,A
449,INGENIERIA EN COMPUTACION E INFORMATICA,17337,6.7,6.1,5.7,6.2,6.8,5.5,6.7,6.15,6.2,6.2,A
450,INGENIERIA EN COMPUTACION E INFORMATICA,17929,6.0,6.4,3.1,5.2,1.0,1.0,3.7,3.35,1.0,2.6,R
451,INGENIERIA CIVIL INDUSTRIAL,17332,6.9,6.2,6.8,6.6,5.4,1.0,4.9,4.86,4.0,4.6,A
452,INGENIERIA INDUSTRIAL,17333,3.2,5.0,5.5,4.6,6.5,7.0,7.0,5.71,5.7,5.7,A
453,INGENIERIA EN COMPUTACION E INFORMATICA,17340,7.0,6.8,6.4,6.7,5.0,5.2,7.0,6.11,6.1,6.1,A
454,INGENIERIA CIVIL INFORMATICA,17333,6.4,4.9,4.6,5.3,4.0,4.8,7.0,5.15,5.2,5.2,A
455,INGENIERIA CIVIL INFORMATICA,17335,7.0,4.9,6.0,6.0,7.0,6.0,7.0,6.23,6.2,6.2,A
456,INGENIERIA CIVIL INFORMATICA,17338,6.8,5.9,6.8,6.5,6.5,7.0,7.0,6.67,6.7,6.7,A
457,INGENIERIA EN COMPUTACION E INFORMATICA,17336,5.4,6.0,6.4,5.6,6.8,7.0,7.0,6.39,6.4,6.4,A
458,INGENIERIA CIVIL INFORMATICA,17333,7.0,6.2,6.4,6.5,7.0,7.0,7.0,6.76,6.8,6.8,A
459,INGENIERIA EN COMPUTACION E INFORMATICA,17331,3.6,2.4,5.0,3.7,3.5,1.0,2.8,2.89,6.5,4.0,A
460,INGENIERIA CIVIL INDUSTRIAL,17250,6.3,5.5,5.1,5.6,6.0,6.5,5.8,5.91,5.9,5.9,A
461,INGENIERIA EN COMPUTACION E INFORMATICA,17340,6.1,6.0,5.7,5.9,6.0,4.1,7.0,5.58,5.6,5.6,A
462,INGENIERIA EN COMPUTACION E INFORMATICA,17331,6.6,6.1,6.2,6.3,3.5,5.4,7.0,5.72,5.7,5.7,A
463,INGENIERIA EN COMPUTACION E INFORMATICA,17322,5.5,5.8,5.8,5.7,6.9,6.7,7.0,6.26,6.3,6.3,A
464,INGENIERIA CIVIL INFORMATICA,17333,6.8,5.7,6.8,6.4,7.0,7.0,7.0,6.71,6.7,6.7,A
465,INGENIERIA EN COMPUTACION E INFORMATICA,17330,4.0,4.8,4.8,4.0,7.0,6.9,7.0,5.67,5.3,5.6,A
466,INGENIERIA CIVIL INDUSTRIAL,17332,6.8,7.0,7.0,6.9,7.0,7.0,7.0,6.96,7.0,7.0,A
