rut,tema2,tema3,tema4,tema5,tema6,tema7,tema8,hito1,hito2,hito3,hito4,seq1,seq2,seq3,seq4,c1,c2,c3,c4,e1,e2,e3,e4,exitosos,fallidos,envios,videos
0,1,0,0,0,0,0,0,18,3,0,0,abacabadadacbhbbadadadad,bdbbbd,,,:1:2:1:3:3:2:23:17:3:3:3:3,:19:17:19,,,:25:17:4:26:29:23:0:22:10:3:42:18,:6:1:44,,,15,24,39,0
1,0,0,0,0,0,0,0,14,0,0,0,abacabadadacbhbbadad,,,,:1:2:1:3:3:2:23:17:3:3,,,,:25:17:4:26:29:23:0:22:10:3,,,,10,6,16,0
2,0,0,0,0,0,0,0,17,0,0,0,abacabadadacadadadadbd,,,,:1:2:1:3:3:2:3:3:3:3:19,,,,:25:17:4:26:29:23:3:42:32:18:35,,,,11,20,31,0
3,0,0,0,0,0,0,0,1,0,0,0,ab,,,,:1,,,,:25,,,,7,17,24,0
4,0,0,0,0,0,0,0,19,2,0,0,abacabadacbhbbadadadbd,bbbd,,,:1:2:1:3:2:23:17:3:3:3:19,:17:19,,,:25:17:4:29:23:0:22:3:42:32:13,:1:44,,,13,18,31,0
5,0,0,0,0,0,0,0,0,0,0,0,,,,,,,,,,,,,0,0,0,0
6,0,0,0,0,0,0,0,18,0,0,0,abacabadadbhbbadadbd,,,,:1:2:1:3:3:23:17:3:3:19,,,,:25:17:4:26:29:0:22:10:32:13,,,,10,21,31,0
7,0,0,0,0,0,0,0,0,0,0,0,,,,,,,,,,,,,0,0,0,0
8,1,0,0,0,0,0,0,22,3,0,0,abacabadacbhbbadadadadbdad,bdch,,,:1:2:1:3:2:23:17:3:3:3:3:19:3,:19:39,,,:25:17:4:26:23:0:22:10:3:42:32:13:18,:44:28,,,15,24,39,1
9,0,0,0,0,0,0,0,14,0,0,0,abacabadadacbhbbadad,,,,:1:2:1:3:3:2:23:17:3:3,,,,:25:17:4:26:29:23:0:22:10:3,,,,18,6,24,0
10,0,0,0,0,0,0,0,22,0,0,0,abacabadadacbhbbadadadadadbd,,,,:1:2:1:3:3:2:23:17:3:3:3:3:3:19,,,,:25:17:4:26:29:23:0:22:10:3:42:32:18:35,,,,19,20,39,0
11,0,0,0,0,0,0,0,12,4,0,0,acabadadbbadadad,bbbdch,,,:2:1:3:3:17:3:3:3,:17:19:39,,,:17:4:26:29:22:10:3:42,:1:44:28,,,11,20,31,0
12,0,0,0,0,0,0,0,9,0,0,0,abacabadadbb,,,,:1:2:1:3:3:17,,,,:25:17:4:26:29:22,,,,12,12,24,2
13,0,0,0,0,0,0,0,13,0,0,0,abacabadbhbbadadbd,,,,:1:2:1:3:23:17:3:3:19,,,,:25:17:4:26:0:22:10:3:35,,,,9,22,31,0
14,0,0,0,0,0,0,0,18,3,0,0,abacabadadacbhbbadadadad,bdch,,,:1:2:1:3:3:2:23:17:3:3:3:3,:19:39,,,:25:17:4:26:29:23:0:22:10:3:42:18,:6:28,,,17,22,39,0
15,0,0,0,0,0,0,0,20,1,0,0,abacabadadacbhbbadadadadbd,bd,,,:1:2:1:3:3:2:23:17:3:3:3:3:19,:19,,,:25:17:4:26:29:23:0:22:10:3:42:18:35,:6,,,14,25,39,0
16,0,0,0,0,0,0,0,0,0,0,0,,,,,,,,,,,,,0,0,0,0
17,0,0,0,0,0,0,0,27,11,0,0,abacabadadacbhbbadadadabadbdadbd,bdbbbdchchchch,,,:1:2:1:3:3:2:23:17:3:3:3:1:3:19:3:19,:19:17:19:39:39:39:39,,,:25:17:4:26:29:23:0:22:10:3:42:7:32:13:18:35,:6:1:44:11:37:28:12,,,23,16,39,0
18,1,0,0,0,0,0,0,21,14,0,0,abacabadadbhbbadadabadadbd,bdbbbdchchchchchdhch,,,:1:2:1:3:3:23:17:3:3:1:3:3:19,:19:17:19:39:39:39:39:39:55:39,,,:25:17:4:26:29:0:22:10:42:7:32:18:35,:6:1:44:37:28:12:21:38:8:9,,,23,24,47,4
19,1,0,0,0,0,0,0,18,4,0,0,abacabadadbhbbadadadbd,bdchch,,,:1:2:1:3:3:23:17:3:3:3:19,:19:39:39,,,:25:17:4:26:29:0:22:3:42:18:35,:6:28:12,,,14,25,39,0
20,0,0,0,0,0,0,0,12,0,0,0,abacabadadbhbbad,,,,:1:2:1:3:3:23:17:3,,,,:25:17:4:26:29:0:22:10,,,,8,8,16,0
21,1,0,0,0,0,0,0,19,2,0,0,abacabadadacbhbbadadadabad,bdbd,,,:1:2:1:3:3:2:23:17:3:3:3:1:3,:19:19,,,:25:17:4:26:29:23:0:22:10:3:42:7:32,:6:44,,,15,32,47,7
22,1,0,0,0,0,0,0,27,7,0,0,abacabadadacbhbbadadadabadbdadbd,bdbbbdchch,,,:1:2:1:3:3:2:23:17:3:3:3:1:3:19:3:19,:19:17:19:39:39,,,:25:17:4:26:29:23:0:22:10:3:42:7:32:13:18:35,:6:1:44:37:28,,,28,19,47,13
23,24,0,0,0,0,0,0,27,28,0,0,abacabadadacbhbbadadadabadbdadbd,bdbbbdchchchchchchdhfhchdhehch,,,:1:2:1:3:3:2:23:17:3:3:3:1:3:19:3:19,:19:17:19:39:39:39:39:39:39:55:87:39:55:71:39,,,:25:17:4:26:29:23:0:22:10:3:42:7:32:13:18:35,:6:1:44:11:37:28:12:21:38:8:48:9:2:33:31,,,47,0,47,7
24,0,0,0,0,0,0,0,17,0,0,0,abacabadadacbhadadadabad,,,,:1:2:1:3:3:2:23:3:3:3:1:3,,,,:25:17:4:26:29:23:0:10:3:42:7:32,,,,12,12,24,0
25,0,0,0,0,0,0,0,15,0,0,0,abacabadadacbbadadbd,,,,:1:2:1:3:3:2:17:3:3:19,,,,:25:17:4:26:29:23:22:3:42:35,,,,10,21,31,0
26,0,0,0,0,0,0,0,20,4,0,0,abacabadadbhbbadadadadbd,bdbdch,,,:1:2:1:3:3:23:17:3:3:3:3:19,:19:19:39,,,:25:17:4:26:29:0:22:10:42:32:18:35,:6:44:37,,,15,24,39,5
27,0,0,0,0,0,0,0,14,8,0,0,abacabadadacbhbbadad,bbbdchchchch,,,:1:2:1:3:3:2:23:17:3:3,:17:19:39:39:39:39,,,:25:17:4:26:29:23:0:22:10:3,:1:44:37:28:12:38,,,16,15,31,0
28,0,0,0,0,0,0,0,8,0,0,0,abacabadadac,,,,:1:2:1:3:3:2,,,,:25:17:4:26:29:23,,,,6,10,16,0
29,0,0,0,0,0,0,0,24,0,0,0,abacabadadacbhbbadadadadbdad,,,,:1:2:1:3:3:2:23:17:3:3:3:3:19:3,,,,:25:17:4:26:29:23:0:22:10:3:42:32:13:18,,,,17,22,39,1
30,0,0,0,0,0,0,0,16,5,0,0,abacabadadacbhbbadadad,bdbbbdch,,,:1:2:1:3:3:2:23:17:3:3:3,:19:17:19:39,,,:25:17:4:26:29:23:0:22:10:3:42,:6:1:44:37,,,15,16,31,0
31,0,0,0,0,0,0,0,12,1,0,0,abacabadadbhadad,bb,,,:1:2:1:3:3:23:3:3,:17,,,:25:17:4:26:29:0:10:18,:1,,,9,22,31,0
32,1,0,0,0,0,0,0,22,0,0,0,abacabadadacbhbbadadadadadbd,,,,:1:2:1:3:3:2:23:17:3:3:3:3:3:19,,,,:25:17:4:26:29:23:0:22:10:3:42:32:18:35,,,,20,27,47,5
33,0,0,0,0,0,0,0,24,2,0,0,abacabadacbhbbadadadadbdadbd,bdbd,,,:1:2:1:3:2:23:17:3:3:3:3:19:3:19,:19:19,,,:25:17:4:26:23:0:22:10:3:42:32:13:18:35,:6:44,,,16,15,31,2
34,0,0,0,0,0,0,0,0,0,0,0,,,,,,,,,,,,,0,31,31,0
35,0,0,0,0,0,0,0,27,7,0,0,abacabadadacbhbbadadadabadbdadbd,bdbbbdchch,,,:1:2:1:3:3:2:23:17:3:3:3:1:3:19:3:19,:19:17:19:39:39,,,:25:17:4:26:29:23:0:22:10:3:42:7:32:13:18:35,:6:1:44:37:28,,,21,10,31,0
36,0,0,0,0,0,0,0,23,6,0,0,abacabadadacbhbbadadadabadadbd,bdbbbdchch,,,:1:2:1:3:3:2:23:17:3:3:3:1:3:3:19,:19:17:19:39:39,,,:25:17:4:26:29:23:0:22:10:3:42:7:32:18:35,:6:1:44:37:38,,,20,11,31,0
37,0,0,0,0,0,0,0,18,7,0,0,abacabadadacbhbbadadadad,bbbdchchch,,,:1:2:1:3:3:2:23:17:3:3:3:3,:17:19:39:39:39,,,:25:17:4:26:29:23:0:22:10:3:42:18,:1:44:37:28:38,,,17,14,31,0
38,0,0,0,0,0,0,0,18,3,0,0,abacadadacbhbbadadadad,bdbbbd,,,:1:2:3:3:2:23:17:3:3:3:3,:19:17:19,,,:25:17:26:29:23:0:22:3:42:32:18,:6:1:44,,,14,17,31,0
39,0,0,0,0,0,0,0,20,3,0,0,abacabadadacbhbbadadadadbd,bdbbbd,,,:1:2:1:3:3:2:23:17:3:3:3:3:19,:19:17:19,,,:25:17:4:26:29:23:0:22:10:3:42:18:35,:6:1:44,,,16,15,31,0
40,0,0,0,0,0,0,0,12,10,0,0,abacabadadbhbbad,bdbbbdchchchdh,,,:1:2:1:3:3:23:17:3,:19:17:19:39:39:39:55,,,:25:17:4:26:29:0:22:10,:6:1:44:37:28:12:8,,,15,24,39,0
41,0,0,0,0,0,0,0,3,0,0,0,abacab,,,,:1:2:1,,,,:25:17:4,,,,3,13,16,0
42,1,0,0,0,0,0,0,13,0,0,0,abacabadadbhbbadad,,,,:1:2:1:3:3:23:17:3:3,,,,:25:17:4:26:29:0:22:10:3,,,,9,15,24,6
43,0,0,0,0,0,0,0,20,5,0,0,abacabadadacbhbbadadadadad,bdbbbdch,,,:1:2:1:3:3:2:23:17:3:3:3:3:3,:19:17:19:39,,,:25:17:4:26:29:23:0:22:10:3:42:32:18,:6:1:44:37,,,17,14,31,0
44,0,0,0,0,0,0,0,0,0,0,0,,,,,,,,,,,,,0,0,0,0
45,0,0,0,0,0,0,0,20,3,0,0,abacabadadacbhbbadadadadbd,bdbbbd,,,:1:2:1:3:3:2:23:17:3:3:3:3:19,:19:17:19,,,:25:17:4:26:29:23:0:22:10:3:32:18:35,:6:1:44,,,16,15,31,4
46,0,0,0,0,0,0,0,26,6,0,0,abacabadadacbhbbadadadadbdadbd,bdbdchch,,,:1:2:1:3:3:2:23:17:3:3:3:3:19:3:19,:19:19:39:39,,,:25:17:4:26:29:23:0:22:10:3:42:32:13:18:35,:6:44:37:28,,,26,13,39,1
47,0,0,0,0,0,0,0,13,4,0,0,abacabadadbbadadad,bbbdch,,,:1:2:1:3:3:17:3:3:3,:17:19:39,,,:25:17:4:26:29:22:10:3:42,:1:44:28,,,12,19,31,0
48,0,0,0,0,0,0,0,27,5,0,0,abacabadadacbhbbadadadabadbdadbd,bdbbbdch,,,:1:2:1:3:3:2:23:17:3:3:3:1:3:19:3:19,:19:17:19:39,,,:25:17:4:26:29:23:0:22:10:3:42:7:32:13:18:35,:6:1:44:37,,,20,11,31,1
49,0,0,0,0,0,0,0,22,0,0,0,abacabadadacbhbbadadadadadbd,,,,:1:2:1:3:3:2:23:17:3:3:3:3:3:19,,,,:25:17:4:26:29:23:0:22:10:3:42:32:18:35,,,,14,17,31,4
50,0,0,0,0,0,0,0,0,0,0,0,,,,,,,,,,,,,0,0,0,0
51,1,0,0,0,0,0,0,1,0,0,0,ab,,,,:1,,,,:25,,,,1,23,24,0
52,1,0,0,0,0,0,0,2,11,0,0,acab,bbbdchchfh,,,:2:1,:17:19:39:39:87,,,:17:4,:1:44:11:37:48,,,7,32,39,0
53,0,0,0,0,0,0,0,1,0,0,0,ac,,,,:2,,,,:17,,,,1,30,31,0
54,0,0,0,0,0,0,0,0,0,0,0,,,,,,,,,,,,,0,0,0,0
55,0,0,0,0,0,0,0,26,13,0,0,abacabadadacbhbbadadadadbdadbd,bdbbbdchchchchchdh,,,:1:2:1:3:3:2:23:17:3:3:3:3:19:3:19,:19:17:19:39:39:39:39:39:55,,,:25:17:4:26:29:23:0:22:10:3:42:32:13:18:35,:6:1:44:37:28:12:21:38:8,,,24,7,31,0
56,0,0,0,0,0,0,0,25,3,0,0,abacabadadacbhbbadadadabadbdad,bdbbbd,,,:1:2:1:3:3:2:23:17:3:3:3:1:3:19:3,:19:17:19,,,:25:17:4:26:29:23:0:22:10:3:42:7:32:13:18,:6:1:44,,,18,13,31,2
57,0,0,0,0,0,0,0,0,0,0,0,,,,,,,,,,,,,0,0,0,0
58,0,0,0,0,0,0,0,6,0,0,0,abacabbbad,,,,:1:2:1:17:3,,,,:25:17:4:22:10,,,,5,26,31,0
59,1,0,0,0,0,0,0,12,8,0,0,abacabadadacbbadad,bdbbbdchchch,,,:1:2:1:3:3:2:17:3:3,:19:17:19:39:39:39,,,:25:17:4:26:29:23:22:10:3,:6:1:44:37:28:12,,,15,24,39,3
60,0,0,0,0,0,0,0,7,10,0,0,abadacbhad,bdbbchchdheh,,,:1:3:2:23:3,:19:17:39:39:55:71,,,:4:29:23:0:3,:6:1:28:9:2:33,,,11,20,31,2
61,0,0,0,0,0,0,0,18,4,0,0,abacabadadacbhbbadadadad,bdbbbdch,,,:1:2:1:3:3:2:23:17:3:3:3:3,:19:17:19:39,,,:25:17:4:26:29:23:0:22:10:3:42:18,:6:1:44:9,,,16,15,31,0
62,1,0,0,0,0,0,0,15,3,0,0,abacabadacadadadbd,bdbbbd,,,:1:2:1:3:2:3:3:3:19,:19:17:19,,,:25:17:4:26:23:3:42:32:13,:6:1:44,,,12,35,47,1
63,0,0,0,0,0,0,0,27,16,0,0,abacabadadacbhbbadadadabadbdadbd,bdbbbdchchchchchchdh,,,:1:2:1:3:3:2:23:17:3:3:3:1:3:19:3:19,:19:17:19:39:39:39:39:39:39:55,,,:25:17:4:26:29:23:0:22:10:3:42:7:32:13:18:35,:6:1:44:11:37:28:12:21:38:8,,,26,5,31,0
64,0,0,0,0,0,0,0,22,3,0,0,abacabadadacbhbbadadadadadbd,bdbbbd,,,:1:2:1:3:3:2:23:17:3:3:3:3:3:19,:19:17:19,,,:25:17:4:26:29:23:0:22:10:3:42:32:18:35,:6:1:44,,,17,14,31,0
65,0,0,0,0,0,0,0,12,6,0,0,abacabadbbadadbd,bbbdchch,,,:1:2:1:3:17:3:3:19,:17:19:39:39,,,:25:17:4:29:22:3:42:35,:1:44:37:28,,,12,19,31,0
66,24,0,0,0,0,0,0,27,9,0,0,abacabadadacbhbbadadadabadbdadbd,bdbbbdchchchch,,,:1:2:1:3:3:2:23:17:3:3:3:1:3:19:3:19,:19:17:19:39:39:39:39,,,:25:17:4:26:29:23:0:22:10:3:42:7:32:13:18:35,:6:1:44:37:28:12:9,,,39,8,47,11
67,0,0,0,0,0,0,0,20,3,0,0,abacabadadacbhbbadadadadad,bdbbbd,,,:1:2:1:3:3:2:23:17:3:3:3:3:3,:19:17:19,,,:25:17:4:26:29:23:0:22:10:3:42:32:18,:6:1:44,,,16,15,31,0
68,1,0,0,0,0,0,0,16,7,0,0,abacabadadacbhbbadadad,bdbbbdchch,,,:1:2:1:3:3:2:23:17:3:3:3,:19:17:19:39:39,,,:25:17:4:26:29:23:0:22:10:3:42,:6:1:44:37:28,,,16,23,39,0
69,0,0,0,0,0,0,0,0,0,0,0,,,,,,,,,,,,,0,0,0,0
70,9,0,0,0,0,0,0,21,6,0,0,abacabadadacbhbbadadadabadbd,bdbbbdchch,,,:1:2:1:3:3:2:23:17:3:3:3:1:3:19,:19:17:19:39:39,,,:25:17:4:26:29:23:0:22:10:3:42:7:32:35,:6:1:44:28:38,,,32,15,47,19
71,0,0,0,0,0,0,0,24,14,0,0,abacabadadacbhbbadadadadbdad,bdbbbdchchchchdheh,,,:1:2:1:3:3:2:23:17:3:3:3:3:19:3,:19:17:19:39:39:39:39:55:71,,,:25:17:4:26:29:23:0:22:10:3:42:32:13:18,:6:1:44:37:28:12:38:2:33,,,23,8,31,0
72,0,0,0,0,0,0,0,27,17,0,0,abacabadadacbhbbadadadabadbdadbd,bdbbbdchchchchchchdhch,,,:1:2:1:3:3:2:23:17:3:3:3:1:3:19:3:19,:19:17:19:39:39:39:39:39:39:55:39,,,:25:17:4:26:29:23:0:22:10:3:42:7:32:13:18:35,:6:1:44:11:37:28:12:21:38:8:9,,,27,4,31,0
73,1,0,0,0,0,0,0,22,0,0,0,abacabadacbhadadadadbdadbd,,,,:1:2:1:3:2:23:3:3:3:3:19:3:19,,,,:25:17:4:26:23:0:10:3:42:32:13:18:35,,,,13,26,39,0
74,0,0,0,0,0,0,0,22,8,0,0,abacabadadacbhbbadadadadadbd,bdbbbdchchch,,,:1:2:1:3:3:2:23:17:3:3:3:3:3:19,:19:17:19:39:39:39,,,:25:17:4:26:29:23:0:22:10:3:42:32:18:35,:6:1:44:37:28:38,,,20,11,31,0
75,0,0,0,0,0,0,0,22,2,0,0,abacabadadacbhbbadadadadadbd,bbbd,,,:1:2:1:3:3:2:23:17:3:3:3:3:3:19,:17:19,,,:25:17:4:26:29:23:0:22:10:3:42:32:18:35,:1:44,,,16,15,31,0
76,0,0,0,0,0,0,0,12,6,0,0,abacabadadbhbbad,bdbbbdchch,,,:1:2:1:3:3:23:17:3,:19:17:19:39:39,,,:25:17:4:26:29:0:22:10,:6:1:44:37:38,,,13,18,31,0
77,0,0,0,0,0,0,0,24,14,0,0,abacabadadacbhbbadadadadbdad,bdbbbdchchchchchch,,,:1:2:1:3:3:2:23:17:3:3:3:3:19:3,:19:17:19:39:39:39:39:39:39,,,:25:17:4:26:29:23:0:22:10:3:42:32:13:18,:6:1:44:11:37:28:12:21:38,,,23,8,31,2
78,0,0,0,0,0,0,0,27,24,0,0,abacabadadacbhbbadadadabadbdadbd,bdbbbdchchchchchchdhchdhehch,,,:1:2:1:3:3:2:23:17:3:3:3:1:3:19:3:19,:19:17:19:39:39:39:39:39:39:55:39:55:71:39,,,:25:17:4:26:29:23:0:22:10:3:42:7:32:13:18:35,:6:1:44:11:37:28:12:21:38:8:9:2:33:31,,,30,1,31,0
79,24,16,15,16,23,0,0,22,3,0,0,abacabadadacbhbbadadadadadbd,bdbbbd,,,:1:2:1:3:3:2:23:17:3:3:3:3:3:19,:19:17:19,,,:25:17:4:26:29:23:0:22:10:3:42:32:18:35,:6:1:44,,,53,17,70,1
80,1,0,0,0,0,0,0,27,2,0,0,abacabadadacbhbbadadadabadbdadbd,ch,,,:1:2:1:3:3:2:23:17:3:3:3:1:3:19:3:19,:39,,,:25:17:4:26:29:23:0:22:10:3:42:7:32:13:18:35,:28,,,17,30,47,1
81,0,0,0,0,0,0,0,0,0,0,0,,,,,,,,,,,,,0,24,24,0
82,18,0,0,0,0,0,0,21,22,0,0,abacabadadacbhbbadadadabadbd,bdbbbdchchchchchdhchdhehch,,,:1:2:1:3:3:2:23:17:3:3:3:1:3:19,:19:17:19:39:39:39:39:39:55:39:55:71:39,,,:25:17:4:26:29:23:0:22:10:3:42:7:18:35,:6:1:44:11:37:28:12:38:8:9:2:33:31,,,41,6,47,15
83,0,0,0,0,0,0,0,18,8,0,0,abacabadadacbbadadadbd,bdbbbdchchch,,,:1:2:1:3:3:2:17:3:3:3:19,:19:17:19:39:39:39,,,:25:17:4:26:29:23:22:42:32:18:35,:6:1:44:37:28:38,,,17,14,31,1
84,0,0,0,0,0,0,0,22,5,0,0,abacabadadbhbbadadabadbdad,bbbdch,,,:1:2:1:3:3:23:17:3:3:1:3:19:3,:17:19:39,,,:25:17:4:26:29:0:22:10:3:7:32:13:18,:1:44:11,,,16,15,31,0
85,0,0,0,0,0,0,0,20,6,0,0,abacabadadacbhbbadadadadad,bdbbbdchch,,,:1:2:1:3:3:2:23:17:3:3:3:3:3,:19:17:19:39:39,,,:25:17:4:26:29:23:0:22:10:3:42:32:18,:6:1:44:28:38,,,18,13,31,0
86,0,0,0,0,0,0,0,16,8,0,0,abacabadadacbhbbadadad,bdbbbdchchch,,,:1:2:1:3:3:2:23:17:3:3:3,:19:17:19:39:39:39,,,:25:17:4:26:29:23:0:22:10:3:42,:6:1:44:37:28:12,,,17,22,39,0
87,0,0,0,0,0,0,0,21,0,0,0,abacabadadbhbbadadadadadbd,,,,:1:2:1:3:3:23:17:3:3:3:3:3:19,,,,:25:17:4:26:29:0:22:10:3:42:32:18:35,,,,13,18,31,0
88,0,0,0,0,0,0,0,16,7,0,0,abacabadadacbhbbadadad,bdbbbdchch,,,:1:2:1:3:3:2:23:17:3:3:3,:19:17:19:39:39,,,:25:17:4:26:29:23:0:22:10:3:32,:6:1:44:37:28,,,16,15,31,0
89,0,0,0,0,0,0,0,27,3,0,0,abacabadadacbhbbadadadabadbdadbd,bdbbbd,,,:1:2:1:3:3:2:23:17:3:3:3:1:3:19:3:19,:19:17:19,,,:25:17:4:26:29:23:0:22:10:3:42:7:32:13:18:35,:6:1:44,,,19,12,31,0
90,0,0,0,0,0,0,0,22,3,0,0,abacabadadacbhbbadadadadadbd,bdbbbd,,,:1:2:1:3:3:2:23:17:3:3:3:3:3:19,:19:17:19,,,:25:17:4:26:29:23:0:22:10:3:42:32:18:35,:6:1:44,,,17,14,31,0
91,0,0,0,0,0,0,0,25,10,0,0,abacabadadbhbbadadadadbdadbd,bdbbchchdheh,,,:1:2:1:3:3:23:17:3:3:3:3:19:3:19,:19:17:39:39:55:71,,,:25:17:4:26:29:0:22:10:3:42:32:13:18:35,:6:1:28:9:2:33,,,20,11,31,0
92,0,0,0,0,0,0,0,21,5,0,0,abacabadacbhbbadadadbdbd,bbbdchch,,,:1:2:1:3:2:23:17:3:3:3:19:19,:17:19:39:39,,,:25:17:4:26:23:0:22:3:42:32:13:35,:1:44:37:12,,,16,15,31,0
93,1,0,0,0,0,0,0,17,8,0,0,abacabadadacbhbbadadad,bdbdchchchch,,,:1:2:1:3:3:2:23:17:3:3:3,:19:19:39:39:39:39,,,:25:17:4:26:29:23:0:22:3:42:18,:6:44:37:28:12:38,,,17,22,39,0
94,0,0,0,0,0,0,0,22,6,0,0,abacabadadbhbbadadbdadbd,chdheh,,,:1:2:1:3:3:23:17:3:3:19:3:19,:39:55:71,,,:25:17:4:26:29:0:22:10:32:13:18:35,:9:2:33,,,15,16,31,0
95,0,0,0,0,0,0,0,18,0,0,0,ababadadacbbadadadadbd,,,,:1:1:3:3:2:17:3:3:3:3:19,,,,:25:4:26:29:23:22:3:42:32:18:35,,,,11,20,31,0
96,0,0,0,0,0,0,0,19,0,0,0,abacabadadacbhbbadadabadad,,,,:1:2:1:3:3:2:23:17:3:3:1:3:3,,,,:25:17:4:26:29:23:0:22:10:3:7:32:18,,,,13,3,16,0
97,1,0,0,0,0,0,0,27,10,0,0,abacabadadacbhbbadadadabadbdadbd,bdbbbdchchchch,,,:1:2:1:3:3:2:23:17:3:3:3:1:3:19:3:19,:19:17:19:39:39:39:39,,,:25:17:4:26:29:23:0:22:10:3:42:7:32:13:18:35,:6:1:44:37:28:12:21,,,23,24,47,0
98,0,0,0,0,0,0,0,20,2,0,0,abacabadadacbhbbadadadadbd,ch,,,:1:2:1:3:3:2:23:17:3:3:3:3:19,:39,,,:25:17:4:26:29:23:0:22:10:3:42:18:35,:37,,,14,17,31,0
99,0,0,0,0,0,0,0,13,3,0,0,abacabadadadadadbd,bdbbbd,,,:1:2:1:3:3:3:3:3:19,:19:17:19,,,:25:17:4:26:29:10:3:18:35,:6:1:44,,,12,19,31,0
100,0,0,0,0,0,0,0,25,5,0,0,abacabadadacbhbbadadadabadbdad,bdbbbdch,,,:1:2:1:3:3:2:23:17:3:3:3:1:3:19:3,:19:17:19:39,,,:25:17:4:26:29:23:0:22:10:3:42:7:32:13:18,:6:1:44:28,,,19,12,31,0
101,1,0,0,0,0,0,0,21,12,0,0,abacabadadacbhbbadadadabadbd,bdbbbdchchchchdhch,,,:1:2:1:3:3:2:23:17:3:3:3:1:3:19,:19:17:19:39:39:39:39:55:39,,,:25:17:4:26:29:23:0:22:10:3:42:7:18:35,:6:1:44:37:28:12:38:8:9,,,23,24,47,0
102,0,0,0,0,0,0,0,25,7,0,0,abacabadadacbhbbadadabadbdadbd,chchch,,,:1:2:1:3:3:2:23:17:3:3:1:3:19:3:19,:39:39:39,,,:25:17:4:26:29:23:0:22:10:3:7:32:13:18:35,:11:28:21,,,18,13,31,0
103,0,0,0,0,0,0,0,0,0,0,0,,,,,,,,,,,,,0,0,0,0
104,0,0,0,0,0,0,0,9,0,0,0,abacabadadbh,,,,:1:2:1:3:3:23,,,,:25:17:4:26:29:0,,,,6,10,16,0
105,0,0,0,0,0,0,0,20,2,0,0,abacabadadacbhbbadadadadbd,bdbd,,,:1:2:1:3:3:2:23:17:3:3:3:3:19,:19:19,,,:25:17:4:26:29:23:0:22:10:3:42:18:35,:6:44,,,15,24,39,0
106,0,0,0,0,0,0,0,15,5,0,0,abacabadadbhbbadad,bdchch,,,:1:2:1:3:3:23:17:3:3,:19:39:39,,,:25:17:4:26:29:0:22:42:32,:6:37:28,,,12,19,31,0
107,0,0,0,0,0,0,0,25,19,0,0,abacabadadacbhbbadadadabadbdad,bdbbbdchchchchchchdhchch,,,:1:2:1:3:3:2:23:17:3:3:3:1:3:19:3,:19:17:19:39:39:39:39:39:39:55:39:39,,,:25:17:4:26:29:23:0:22:10:3:42:7:32:13:18,:6:1:44:11:37:28:12:21:38:8:9:31,,,27,4,31,0
108,0,0,0,0,0,0,0,22,6,0,0,abacabadadacbhbbadadadadadbd,bdbbbdchch,,,:1:2:1:3:3:2:23:17:3:3:3:3:3:19,:19:17:19:39:39,,,:25:17:4:26:29:23:0:22:10:3:42:32:18:35,:6:1:44:28:38,,,26,13,39,9
109,0,0,0,0,0,0,0,23,0,0,0,abacabadadacbhbbadadadabadadbd,,,,:1:2:1:3:3:2:23:17:3:3:3:1:3:3:19,,,,:25:17:4:26:29:23:0:22:10:3:42:7:32:18:35,,,,22,17,39,1
110,0,0,0,0,0,0,0,17,4,0,0,abacabadadacbbadadadad,bdbbbdch,,,:1:2:1:3:3:2:17:3:3:3:3,:19:17:19:39,,,:25:17:4:26:29:23:22:10:42:32:18,:6:1:44:38,,,15,16,31,1
111,0,0,0,0,0,0,0,27,19,0,0,abacabadadacbhbbadadadabadbdadbd,bdbbbdchchchchchchdhchdh,,,:1:2:1:3:3:2:23:17:3:3:3:1:3:19:3:19,:19:17:19:39:39:39:39:39:39:55:39:55,,,:25:17:4:26:29:23:0:22:10:3:42:7:32:13:18:35,:6:1:44:11:37:28:12:21:38:8:9:2,,,28,3,31,0
112,1,0,0,0,0,0,0,2,0,0,0,abab,,,,:1:1,,,,:25:4,,,,2,45,47,1
113,0,0,0,0,0,0,0,26,10,0,0,abacabadadacbhbbadadadadbdadbd,bdbbbdchchch,,,:1:2:1:3:3:2:23:17:3:3:3:3:19:3:19,:19:17:19:39:39:39,,,:25:17:4:26:29:23:0:22:10:3:42:32:13:18:35,:6:1:44:11:37:28,,,21,10,31,0
114,1,1,0,0,0,0,0,15,2,0,0,abacadbbadadadadbd,bdbd,,,:1:2:3:17:3:3:3:3:19,:19:19,,,:25:17:26:22:3:42:32:18:35,:6:44,,,17,38,55,33
115,1,0,0,0,0,0,0,21,5,0,0,abacabadadbhbbadadadadbd,bdbbbdch,,,:1:2:1:3:3:23:17:3:3:3:3:19,:19:17:19:39,,,:25:17:4:26:29:0:22:10:3:42:32:13,:6:1:44:37,,,16,23,39,0
116,0,0,0,0,0,0,0,22,6,0,0,abacabadadbhbbadadbdadbd,chdheh,,,:1:2:1:3:3:23:17:3:3:19:3:19,:39:55:71,,,:25:17:4:26:29:0:22:10:32:13:18:35,:9:2:33,,,15,16,31,0
117,0,0,0,0,0,0,0,20,4,0,0,abacabadadacbhbbadadadadad,bbbdch,,,:1:2:1:3:3:2:23:17:3:3:3:3:3,:17:19:39,,,:25:17:4:26:29:23:0:22:10:3:42:32:18,:1:44:28,,,16,15,31,0
118,0,0,0,0,0,0,0,14,6,0,0,abacabadacbhbbadadad,bdbdchch,,,:1:2:1:3:2:23:17:3:3:3,:19:19:39:39,,,:25:17:4:26:23:0:22:10:3:42,:6:44:37:28,,,20,19,39,0
119,0,0,0,0,0,0,0,18,7,0,0,abacabadadacbhbbadadadad,bdbbbdchch,,,:1:2:1:3:3:2:23:17:3:3:3:3,:19:17:19:39:39,,,:25:17:4:26:29:23:0:22:10:3:42:18,:6:1:44:37:28,,,17,14,31,0
120,0,0,0,0,0,0,0,16,5,0,0,abacabadadacbhbbadadad,bdbbbdch,,,:1:2:1:3:3:2:23:17:3:3:3,:19:17:19:39,,,:25:17:4:26:29:23:0:22:10:3:42,:6:1:44:28,,,15,16,31,2
121,0,0,0,0,0,0,0,20,3,0,0,abacabadadacbhbbadadadadad,bdbbbd,,,:1:2:1:3:3:2:23:17:3:3:3:3:3,:19:17:19,,,:25:17:4:26:29:23:0:22:10:3:42:32:18,:6:1:44,,,16,23,39,2
122,0,0,0,0,0,0,0,0,0,0,0,,,,,,,,,,,,,0,15,15,0
123,0,0,0,0,0,0,0,5,5,0,0,adadbd,bdchch,,,:3:3:19,:19:39:39,,,:3:42:35,:44:37:28,,,6,25,31,0
124,0,0,0,0,0,0,0,18,5,0,0,abacabadacbhbbadadadadbd,bdbbbdch,,,:1:2:1:3:2:23:17:3:3:3:3:19,:19:17:19:39,,,:25:17:4:26:23:0:22:10:3:42:32:35,:6:1:44:37,,,16,15,31,0
125,0,0,0,0,0,0,0,0,0,0,0,,,,,,,,,,,,,0,0,0,0
126,0,0,0,0,0,0,0,5,0,0,0,abacabbb,,,,:1:2:1:17,,,,:25:17:4:22,,,,4,12,16,0
127,0,0,0,0,0,0,0,8,9,0,0,abacabbbadbd,bdchchchch,,,:1:2:1:17:3:19,:19:39:39:39:39,,,:25:17:4:22:10:35,:6:11:37:28:12,,,11,20,31,0
128,0,0,0,0,0,0,0,17,6,0,0,abacabadadbhbbadadadbd,bdbbbdchch,,,:1:2:1:3:3:23:17:3:3:3:19,:19:17:19:39:39,,,:25:17:4:26:29:0:22:10:3:42:35,:6:1:44:37:12,,,16,15,31,17
129,0,0,0,0,0,0,0,20,5,0,0,abacabadadacbhbbadadadadad,bdbbbdchch,,,:1:2:1:3:3:2:23:17:3:3:3:3:3,:19:17:19:39:39,,,:25:17:4:26:29:23:0:22:10:3:42:32:18,:6:1:44:12:38,,,18,13,31,0
130,0,0,0,0,0,0,0,22,6,0,0,abacabadadacbhbbadadadadadbd,bdbbbdchch,,,:1:2:1:3:3:2:23:17:3:3:3:3:3:19,:19:17:19:39:39,,,:25:17:4:26:29:23:0:22:10:3:42:32:18:35,:6:1:44:28:38,,,19,12,31,0
131,0,0,0,0,0,0,0,3,0,0,0,abacab,,,,:1:2:1,,,,:25:17:4,,,,3,36,39,0
132,0,0,0,0,0,0,0,26,5,0,0,abacabadadacbhbbadadadadbdadbd,bdbbbdch,,,:1:2:1:3:3:2:23:17:3:3:3:3:19:3:19,:19:17:19:39,,,:25:17:4:26:29:23:0:22:10:3:42:32:13:18:35,:6:1:44:37,,,19,12,31,0
133,0,0,0,0,0,0,0,27,0,0,0,abacabadadacbhbbadadadabadbdadbd,,,,:1:2:1:3:3:2:23:17:3:3:3:1:3:19:3:19,,,,:25:17:4:26:29:23:0:22:10:3:42:7:32:13:18:35,,,,22,17,39,0
134,0,0,0,0,0,0,0,0,0,0,0,,,,,,,,,,,,,0,16,16,0
135,24,0,0,0,0,0,0,18,16,0,0,abacabadadacbhbbadadadad,bdbbbdchchchchchchdh,,,:1:2:1:3:3:2:23:17:3:3:3:3,:19:17:19:39:39:39:39:39:39:55,,,:25:17:4:26:29:23:0:22:10:3:42:32,:6:1:44:11:37:28:12:21:38:8,,,38,9,47,17
136,0,0,0,0,0,0,0,26,5,0,0,abacabadadacbhbbadadadadbdadbd,bdbbbdch,,,:1:2:1:3:3:2:23:17:3:3:3:3:19:3:19,:19:17:19:39,,,:25:17:4:26:29:23:0:22:10:3:42:32:13:18:35,:6:1:44:37,,,19,20,39,0
137,0,0,0,0,0,0,0,18,7,0,0,abacabadadacbhbbadadadad,bdbbbdchch,,,:1:2:1:3:3:2:23:17:3:3:3:3,:19:17:19:39:39,,,:25:17:4:26:29:23:0:22:10:3:42:18,:6:1:44:37:28,,,17,22,39,0
138,0,0,0,0,0,0,0,15,3,0,0,abacabacbhbbadadbd,bdbbbd,,,:1:2:1:2:23:17:3:3:19,:19:17:19,,,:25:17:4:23:0:22:10:32:13,:6:1:44,,,13,26,39,1
139,0,0,0,0,0,0,0,27,5,0,0,abacabadadacbhbbadadadabadbdadbd,bdbbbdch,,,:1:2:1:3:3:2:23:17:3:3:3:1:3:19:3:19,:19:17:19:39,,,:25:17:4:26:29:23:0:22:10:3:42:7:32:13:18:35,:6:1:44:28,,,20,11,31,0
140,0,0,0,0,0,0,0,12,0,0,0,abacabadadbhbbad,,,,:1:2:1:3:3:23:17:3,,,,:25:17:4:26:29:0:22:10,,,,8,16,24,1
141,0,0,0,0,0,0,0,14,1,0,0,abacabadadadadbd,bd,,,:1:2:1:3:3:3:3:19,:19,,,:25:17:4:26:3:42:32:13,:44,,,9,22,31,0
142,0,0,0,0,0,0,0,12,0,0,0,abacabadadbhbbad,,,,:1:2:1:3:3:23:17:3,,,,:25:17:4:26:29:0:22:10,,,,8,23,31,0
143,0,0,0,0,0,0,0,19,3,0,0,abacabadadacbhadadadadbd,bdbbbd,,,:1:2:1:3:3:2:23:3:3:3:3:19,:19:17:19,,,:25:17:4:26:29:23:0:10:42:32:18:35,:6:1:44,,,15,16,31,0
144,0,0,0,0,0,0,0,24,0,0,0,abacabadadacbhbbadadadbdadbd,,,,:1:2:1:3:3:2:23:17:3:3:3:19:3:19,,,,:25:17:4:26:29:23:0:22:10:3:32:13:18:35,,,,14,17,31,0
145,0,0,0,0,0,0,0,16,7,0,0,abacabadadacbhbbadadad,bdbbbdchch,,,:1:2:1:3:3:2:23:17:3:3:3,:19:17:19:39:39,,,:25:17:4:26:29:23:0:22:10:3:42,:6:1:44:37:28,,,16,15,31,1
146,0,0,0,0,0,0,0,24,2,0,0,abacabadadacbhbbadadadbdadbd,bdbb,,,:1:2:1:3:3:2:23:17:3:3:3:19:3:19,:19:17,,,:25:17:4:26:29:23:0:22:10:3:32:13:18:35,:6:1,,,16,15,31,0
147,0,0,0,0,0,0,0,22,3,0,0,abacabadadacbhbbadadadadbd,bdbbbd,,,:1:2:1:3:3:2:23:17:3:3:3:3:19,:19:17:19,,,:25:17:4:26:29:23:0:22:10:3:42:32:13,:6:1:44,,,16,15,31,0
148,0,0,0,0,0,0,0,0,0,0,0,,,,,,,,,,,,,0,16,16,0
149,1,0,0,0,0,0,0,22,1,0,0,abacabadadacbhbbadadadbdad,bd,,,:1:2:1:3:3:2:23:17:3:3:3:19:3,:19,,,:25:17:4:26:29:23:0:22:10:3:32:13:18,:44,,,22,25,47,5
150,0,0,0,0,0,0,0,1,0,0,0,ab,,,,:1,,,,:25,,,,1,15,16,0
151,0,0,0,0,0,0,0,0,0,0,0,,,,,,,,,,,,,0,16,16,0
152,0,0,0,0,0,0,0,18,5,0,0,abacabadadacbhbbadadadad,bdbbbdch,,,:1:2:1:3:3:2:23:17:3:3:3:3,:19:17:19:39,,,:25:17:4:26:29:23:0:22:10:3:42:32,:6:1:44:37,,,16,15,31,0
153,1,0,0,0,0,0,0,22,8,0,0,abacabadadacbhbbadadadadadbd,bdbbbdchchch,,,:1:2:1:3:3:2:23:17:3:3:3:3:3:19,:19:17:19:39:39:39,,,:25:17:4:26:29:23:0:22:10:3:42:32:18:35,:6:1:44:37:28:38,,,20,19,39,1
154,0,0,0,0,0,0,0,14,10,0,0,abacabadadacbhbbadad,bdbbbdchchchch,,,:1:2:1:3:3:2:23:17:3:3,:19:17:19:39:39:39:39,,,:25:17:4:26:29:23:0:22:10:3,:6:1:44:11:37:38:9,,,23,16,39,0
155,0,0,0,0,0,0,0,10,0,0,0,abacabadadbbad,,,,:1:2:1:3:3:17:3,,,,:25:17:4:26:29:22:10,,,,7,17,24,6
156,0,0,0,0,0,0,0,20,7,0,0,abacabadadacbhbbadadadadbd,bdbbbdchch,,,:1:2:1:3:3:2:23:17:3:3:3:3:19,:19:17:19:39:39,,,:25:17:4:26:29:23:0:22:10:3:42:18:35,:6:1:44:37:28,,,26,13,39,6
157,0,0,0,0,0,0,0,2,0,0,0,abac,,,,:1:2,,,,:25:17,,,,8,16,24,0
158,0,0,0,0,0,0,0,26,3,0,0,abacabadadacbhbbadadadadbdadbd,bdbbbd,,,:1:2:1:3:3:2:23:17:3:3:3:3:19:3:19,:19:17:19,,,:25:17:4:26:29:23:0:22:10:3:42:32:13:18:35,:6:1:44,,,26,13,39,0
159,0,0,0,0,0,0,0,22,2,0,0,abacabadadacbhbbadadadadadbd,bdbb,,,:1:2:1:3:3:2:23:17:3:3:3:3:3:19,:19:17,,,:25:17:4:26:29:23:0:22:10:3:42:32:18:35,:6:1,,,16,15,31,1
160,0,0,0,0,0,0,0,22,7,0,0,abacabadadacbhbbadadadadadbd,bdbbbdchch,,,:1:2:1:3:3:2:23:17:3:3:3:3:3:19,:19:17:19:39:39,,,:25:17:4:26:29:23:0:22:10:3:42:32:18:35,:6:1:44:37:28,,,19,12,31,0
161,0,0,0,0,0,0,0,24,3,0,0,abacabadadacbhbbadadadadbdad,bdbbbd,,,:1:2:1:3:3:2:23:17:3:3:3:3:19:3,:19:17:19,,,:25:17:4:26:29:23:0:22:10:3:42:32:13:18,:6:1:44,,,17,22,39,1
162,0,0,0,0,0,0,0,20,3,0,0,abacabadadacbhbbadadadadbd,bdbbbd,,,:1:2:1:3:3:2:23:17:3:3:3:3:19,:19:17:19,,,:25:17:4:26:29:23:0:22:10:3:42:18:35,:6:1:44,,,16,15,31,0
163,0,0,0,0,0,0,0,19,5,0,0,abacabadadacbhbbadadadbd,bdbbbdch,,,:1:2:1:3:3:2:23:17:3:3:3:19,:19:17:19:39,,,:25:17:4:26:29:23:0:22:10:42:18:35,:6:1:44:37,,,16,15,31,0
164,0,0,0,0,0,0,0,0,10,0,0,,bdbbbdchchchch,,,,:19:17:19:39:39:39:39,,,,:6:1:44:37:28:21:9,,,7,24,31,0
165,0,0,0,0,0,0,0,19,1,0,0,abacabadacbhbbadadadadbd,bd,,,:1:2:1:3:2:23:17:3:3:3:3:19,:19,,,:25:17:4:26:23:0:22:10:42:32:18:35,:44,,,13,18,31,3
166,0,0,0,0,0,0,0,0,0,0,0,,,,,,,,,,,,,0,0,0,0
167,0,0,0,0,0,0,0,20,3,0,0,abacabadadacbhbbadadadadad,bdbbbd,,,:1:2:1:3:3:2:23:17:3:3:3:3:3,:19:17:19,,,:25:17:4:26:29:23:0:22:10:3:42:32:18,:6:1:44,,,16,15,31,0
168,0,0,0,0,0,0,0,18,4,0,0,abacabadadacbhbbadadadbd,bbbdch,,,:1:2:1:3:3:2:23:17:3:3:3:19,:17:19:39,,,:25:17:4:26:29:23:0:22:10:3:18:35,:1:44:37,,,15,16,31,0
169,0,0,0,0,0,0,0,15,5,0,0,abacabadadbbadadadbd,bdbbbdchch,,,:1:2:1:3:3:17:3:3:3:19,:19:17:19:39:39,,,:25:17:4:26:29:22:10:3:42:35,:6:1:44:38:9,,,15,16,31,1
170,0,0,0,0,0,0,0,0,0,0,0,,,,,,,,,,,,,0,0,0,0
171,0,0,0,0,0,0,0,17,10,0,0,abacabadadacbhbbadadadab,bdbbbdchchchch,,,:1:2:1:3:3:2:23:17:3:3:3:1,:19:17:19:39:39:39:39,,,:25:17:4:26:29:23:0:22:10:3:42:7,:6:1:44:37:28:12:21,,,26,13,39,0
172,0,0,0,0,0,0,0,16,5,0,0,abacabadadacbbadadadad,bdbbbdch,,,:1:2:1:3:3:2:17:3:3:3:3,:19:17:19:39,,,:25:17:4:26:29:23:22:10:3:42:18,:6:1:44:28,,,15,16,31,5
173,0,0,0,0,0,0,0,0,0,0,0,,,,,,,,,,,,,0,31,31,0
174,0,0,0,0,0,0,0,19,4,0,0,abacabadbbadabadbdadbd,bdch,,,:1:2:1:3:17:3:1:3:19:3:19,:19:39,,,:25:17:4:29:22:10:7:32:13:18:35,:44:11,,,13,18,31,0
175,0,0,0,0,0,0,0,18,6,0,0,abacabadadacbhbbadadadad,bdbdchchch,,,:1:2:1:3:3:2:23:17:3:3:3:3,:19:19:39:39:39,,,:25:17:4:26:29:23:0:22:10:3:42:18,:6:44:28:12:38,,,17,14,31,0
176,0,0,0,0,0,0,0,6,3,0,0,abacabadad,bbch,,,:1:2:1:3:3,:17:39,,,:25:17:4:26:3,:1:28,,,7,24,31,1
177,0,0,0,0,0,0,0,10,0,0,0,abacabadadbbad,,,,:1:2:1:3:3:17:3,,,,:25:17:4:26:29:22:10,,,,7,9,16,0
178,0,0,0,0,0,0,0,12,6,0,0,abacabadacbbadadad,bdbdchch,,,:1:2:1:3:2:17:3:3:3,:19:19:39:39,,,:25:17:4:29:23:22:10:3:42,:6:44:37:28,,,13,18,31,0
179,0,0,0,0,0,0,0,19,4,0,0,abacabadadbhbbadadadadbd,bdbdch,,,:1:2:1:3:3:23:17:3:3:3:3:19,:19:19:39,,,:25:17:4:26:29:0:22:10:3:42:32:35,:6:44:37,,,15,16,31,0
180,0,0,0,0,0,0,0,19,1,0,0,abacabadacbhbbadadadadbd,bd,,,:1:2:1:3:2:23:17:3:3:3:3:19,:19,,,:25:17:4:29:23:0:22:10:42:32:18:35,:6,,,13,18,31,0
181,0,0,0,0,0,0,0,15,2,0,0,abacabadadacadadadbd,ch,,,:1:2:1:3:3:2:3:3:3:19,:39,,,:25:17:4:26:29:23:3:42:18:35,:28,,,11,20,31,0
182,0,0,0,0,0,0,0,22,2,0,0,abacabadadacbhbbadadadadadbd,bbbd,,,:1:2:1:3:3:2:23:17:3:3:3:3:3:19,:17:19,,,:25:17:4:26:29:23:0:22:10:3:42:32:18:35,:1:44,,,24,15,39,1
183,0,0,0,0,0,0,0,26,5,0,0,abacabadadacbhbbadadadadbdadbd,bdbbbdch,,,:1:2:1:3:3:2:23:17:3:3:3:3:19:3:19,:19:17:19:39,,,:25:17:4:26:29:23:0:22:10:3:42:32:13:18:35,:6:1:44:37,,,19,12,31,0
184,0,0,0,0,0,0,0,16,4,0,0,abacabadacbhbbadadadad,bbbdch,,,:1:2:1:3:2:23:17:3:3:3:3,:17:19:39,,,:25:17:4:26:23:0:22:10:3:42:18,:1:44:37,,,20,19,39,0
185,0,0,0,0,0,0,0,21,1,0,0,abacabadadbhbbadadadadadbd,bb,,,:1:2:1:3:3:23:17:3:3:3:3:3:19,:17,,,:25:17:4:26:29:0:22:10:3:42:32:18:35,:1,,,14,17,31,0
186,0,0,0,0,0,0,0,23,3,0,0,abacabadadacbhbbadadbdadbd,bdch,,,:1:2:1:3:3:2:23:17:3:3:19:3:19,:19:39,,,:25:17:4:26:29:23:0:22:10:32:13:18:35,:6:37,,,15,16,31,4
187,0,0,0,0,0,0,0,27,0,0,0,abacabadadacbhbbadadadabadbdadbd,,,,:1:2:1:3:3:2:23:17:3:3:3:1:3:19:3:19,,,,:25:17:4:26:29:23:0:22:10:3:42:7:32:13:18:35,,,,16,15,31,0
188,0,0,0,0,0,0,0,22,3,0,0,abacabadadacbhbbadadadadadbd,bdbdch,,,:1:2:1:3:3:2:23:17:3:3:3:3:3:19,:19:19:39,,,:25:17:4:26:29:23:0:22:10:3:42:32:18:35,:6:44:38,,,17,14,31,0
189,0,0,0,0,0,0,0,20,4,0,0,abacabadadacbhbbadadadadbd,bbbdch,,,:1:2:1:3:3:2:23:17:3:3:3:3:19,:17:19:39,,,:25:17:4:26:29:23:0:22:10:3:42:18:35,:1:44:37,,,16,15,31,2
190,1,0,0,0,0,0,0,18,7,0,0,abacabadadacbhbbadadadbd,bdbbbdchch,,,:1:2:1:3:3:2:23:17:3:3:3:19,:19:17:19:39:39,,,:25:17:4:26:29:23:0:22:10:3:42:35,:6:1:44:37:28,,,17,22,39,0
191,0,0,0,0,0,0,0,27,13,0,0,abacabadadacbhbbadadadabadbdadbd,bdbbbdchchchchchdh,,,:1:2:1:3:3:2:23:17:3:3:3:1:3:19:3:19,:19:17:19:39:39:39:39:39:55,,,:25:17:4:26:29:23:0:22:10:3:42:7:32:13:18:35,:6:1:44:37:28:12:21:38:8,,,25,6,31,0
192,0,0,0,0,0,0,0,16,4,0,0,abacabadadbbadadadad,bdbbbdch,,,:1:2:1:3:3:17:3:3:3:3,:19:17:19:39,,,:25:17:4:26:29:22:3:42:32:18,:6:1:44:38,,,14,17,31,0
193,0,0,0,0,0,0,0,14,7,0,0,abadbhbbadadadbd,bdbbbdchch,,,:1:3:23:17:3:3:3:19,:19:17:19:39:39,,,:25:26:0:22:10:42:32:35,:6:1:44:37:28,,,13,18,31,0
194,0,0,0,0,0,0,0,20,2,0,0,abacabadadacbhbbadadadadbd,bbbd,,,:1:2:1:3:3:2:23:17:3:3:3:3:19,:17:19,,,:25:17:4:26:29:23:0:22:10:3:42:18:35,:1:44,,,23,16,39,0
195,0,0,0,0,0,0,0,12,7,0,0,abacabadadbhbbad,bdbbbdchch,,,:1:2:1:3:3:23:17:3,:19:17:19:39:39,,,:25:17:4:26:29:0:22:10,:6:1:44:37:28,,,13,18,31,0
196,0,0,0,0,0,0,0,3,0,0,0,abacab,,,,:1:2:1,,,,:25:17:4,,,,3,13,16,0
197,0,0,0,0,0,0,0,27,8,0,0,abacabadadacbhbbadadadabadbdadbd,bdbbbdchchch,,,:1:2:1:3:3:2:23:17:3:3:3:1:3:19:3:19,:19:17:19:39:39:39,,,:25:17:4:26:29:23:0:22:10:3:42:7:32:13:18:35,:6:1:44:37:28:38,,,22,9,31,0
198,0,0,0,0,0,0,0,22,4,0,0,abacabadadbhbbadadabadbdbd,bdch,,,:1:2:1:3:3:23:17:3:3:1:3:19:19,:19:39,,,:25:17:4:26:29:0:22:10:3:7:32:13:35,:44:11,,,15,16,31,0
199,0,0,0,0,0,0,0,20,0,0,0,abacabadadacbhbbadadadadbd,,,,:1:2:1:3:3:2:23:17:3:3:3:3:19,,,,:25:17:4:26:29:23:0:22:10:3:42:18:35,,,,19,20,39,7
200,0,0,0,0,0,0,0,19,2,0,0,abacabadadacbhbbadadadad,bbbd,,,:1:2:1:3:3:2:23:17:3:3:3:3,:17:19,,,:25:17:4:26:29:23:0:22:10:42:32:18,:1:44,,,14,17,31,0
201,0,0,0,0,0,0,0,20,3,0,0,abacabadadacbhbbadadadadbd,bdbbbd,,,:1:2:1:3:3:2:23:17:3:3:3:3:19,:19:17:19,,,:25:17:4:26:29:23:0:22:10:3:42:32:35,:6:1:44,,,16,15,31,0
202,0,0,0,0,0,0,0,14,4,0,0,abacabadacbbadadadbd,bdbdch,,,:1:2:1:3:2:17:3:3:3:19,:19:19:39,,,:25:17:4:29:23:22:10:3:42:35,:6:44:37,,,13,18,31,0
203,0,0,0,0,0,0,0,5,0,0,0,abacabad,,,,:1:2:1:3,,,,:25:17:4:26,,,,11,13,24,0
204,0,0,0,0,0,0,0,20,3,0,0,abacabadadacbhbbadadadadbd,bdbbbd,,,:1:2:1:3:3:2:23:17:3:3:3:3:19,:19:17:19,,,:25:17:4:26:29:23:0:22:10:3:42:18:35,:6:1:44,,,16,15,31,0
205,0,0,0,0,0,0,0,20,0,0,0,abacabadadacbhbbadadadadbd,,,,:1:2:1:3:3:2:23:17:3:3:3:3:19,,,,:25:17:4:26:29:23:0:22:10:3:32:18:35,,,,13,18,31,0
206,0,0,0,0,0,0,0,0,0,0,0,,,,,,,,,,,,,0,16,16,0
207,0,0,0,0,0,0,0,19,3,0,0,abacabadadbhbbadadadadad,bdbbbd,,,:1:2:1:3:3:23:17:3:3:3:3:3,:19:17:19,,,:25:17:4:26:29:0:22:10:3:42:32:18,:6:1:44,,,15,16,31,0
208,0,0,0,0,0,0,0,22,4,0,0,abacabadadacbhbbadadadadadbd,bbbdch,,,:1:2:1:3:3:2:23:17:3:3:3:3:3:19,:17:19:39,,,:25:17:4:26:29:23:0:22:10:3:42:32:18:35,:1:44:28,,,17,22,39,2
209,0,0,0,0,0,0,0,15,2,0,0,abacabadadacbhadadad,ch,,,:1:2:1:3:3:2:23:3:3:3,:39,,,:25:17:4:26:29:23:0:3:42:18,:37,,,11,20,31,0
210,0,0,0,0,0,0,0,16,10,0,0,abacabadadacbhbbadadad,bdbbbdchchchch,,,:1:2:1:3:3:2:23:17:3:3:3,:19:17:19:39:39:39:39,,,:25:17:4:26:29:23:0:22:10:3:18,:6:1:44:11:37:38:9,,,24,15,39,0
211,0,0,0,0,0,0,0,22,5,0,0,abacabadadacbhbbadadadadadbd,bdbbbdch,,,:1:2:1:3:3:2:23:17:3:3:3:3:3:19,:19:17:19:39,,,:25:17:4:26:29:23:0:22:10:3:42:32:18:35,:6:1:44:37,,,18,13,31,0
212,0,0,0,0,0,0,0,0,0,0,0,,,,,,,,,,,,,0,0,0,0
213,1,0,0,0,0,0,0,14,7,0,0,abacabadadacbhbbadad,bdbbbdchch,,,:1:2:1:3:3:2:23:17:3:3,:19:17:19:39:39,,,:25:17:4:26:29:23:0:22:10:3,:6:1:44:37:28,,,15,32,47,4
214,0,0,0,0,0,0,0,12,3,0,0,abacabadacbbadbd,bdch,,,:1:2:1:3:2:17:3:19,:19:39,,,:25:17:4:26:23:22:32:35,:44:37,,,10,21,31,0
215,0,0,0,0,0,0,0,23,3,0,0,abacabadadacbhbbadadbdadbd,bdbbbd,,,:1:2:1:3:3:2:23:17:3:3:19:3:19,:19:17:19,,,:25:17:4:26:29:23:0:22:10:32:13:18:35,:6:1:44,,,16,15,31,0
216,0,0,0,0,0,0,0,22,3,0,0,abacabadadacbhbbadadadadadbd,bdbbbd,,,:1:2:1:3:3:2:23:17:3:3:3:3:3:19,:19:17:19,,,:25:17:4:26:29:23:0:22:10:3:42:32:18:35,:6:1:44,,,17,14,31,0
217,0,0,0,0,0,0,0,20,2,0,0,abacabadadacbhbbadadadadbd,bbbd,,,:1:2:1:3:3:2:23:17:3:3:3:3:19,:17:19,,,:25:17:4:26:29:23:0:22:10:3:42:18:35,:1:44,,,15,16,31,0
218,0,0,0,0,0,0,0,0,0,0,0,,,,,,,,,,,,,0,0,0,0
219,0,0,0,0,0,0,0,17,3,0,0,abacabadadbhbbadadadad,bbbdch,,,:1:2:1:3:3:23:17:3:3:3:3,:17:19:39,,,:25:17:4:26:29:0:22:10:3:42:32,:1:44:38,,,14,17,31,0
220,0,0,0,0,0,0,0,26,2,0,0,abacabadadacbhbbadadadadbdadbd,bdbd,,,:1:2:1:3:3:2:23:17:3:3:3:3:19:3:19,:19:19,,,:25:17:4:26:29:23:0:22:10:3:42:32:13:18:35,:6:44,,,19,20,39,1
221,0,0,0,0,0,0,0,16,4,0,0,abacabadadacbhadadadad,bbbdch,,,:1:2:1:3:3:2:23:3:3:3:3,:17:19:39,,,:25:17:4:26:29:23:0:10:3:42:18,:1:44:28,,,14,17,31,0
222,0,0,0,0,0,0,0,3,0,0,0,abacab,,,,:1:2:1,,,,:25:17:4,,,,3,13,16,0
223,0,0,0,0,0,0,0,24,2,0,0,abacabadadacbhbbadadadadbdad,bbbd,,,:1:2:1:3:3:2:23:17:3:3:3:3:19:3,:17:19,,,:25:17:4:26:29:23:0:22:10:3:42:32:13:18,:1:44,,,16,15,31,0
224,0,0,0,0,0,0,0,19,4,0,0,abacabadadacbhadadadadbd,bdbbbdch,,,:1:2:1:3:3:2:23:3:3:3:3:19,:19:17:19:39,,,:25:17:4:26:29:23:0:10:42:32:18:35,:6:1:44:38,,,16,15,31,0
225,0,0,0,0,0,0,0,0,0,0,0,,,,,,,,,,,,,0,16,16,0
226,0,0,0,0,0,0,0,16,5,0,0,abacabadadacbbadadadbd,bdchch,,,:1:2:1:3:3:2:17:3:3:3:19,:19:39:39,,,:25:17:4:26:29:23:22:10:3:32:35,:6:37:28,,,14,17,31,0
227,0,0,0,0,0,0,0,0,0,0,0,,,,,,,,,,,,,0,31,31,0
228,0,0,0,0,0,0,0,22,3,0,0,abacabadadacbhbbadadadadadbd,bdbbbd,,,:1:2:1:3:3:2:23:17:3:3:3:3:3:19,:19:17:19,,,:25:17:4:26:29:23:0:22:10:3:42:32:18:35,:6:1:44,,,24,15,39,0
229,0,0,0,0,0,0,0,18,7,0,0,abacabadadacbhbbadadadbd,bdbbbdchch,,,:1:2:1:3:3:2:23:17:3:3:3:19,:19:17:19:39:39,,,:25:17:4:26:29:23:0:22:10:3:32:35,:6:1:44:37:28,,,17,14,31,0
230,0,0,0,0,0,0,0,25,3,0,0,abacabadadacbhbbadadadabadbdbd,bdbbbd,,,:1:2:1:3:3:2:23:17:3:3:3:1:3:19:19,:19:17:19,,,:25:17:4:26:29:23:0:22:10:3:42:7:32:13:35,:6:1:44,,,18,13,31,0
231,0,0,0,0,0,0,0,0,0,0,0,,,,,,,,,,,,,0,16,16,0
232,0,0,0,0,0,0,0,13,0,0,0,abacabadadacbhbbad,,,,:1:2:1:3:3:2:23:17:3,,,,:25:17:4:26:29:23:0:22:10,,,,15,24,39,0
233,0,0,0,0,0,0,0,6,0,0,0,abacabbhad,,,,:1:2:1:23:3,,,,:25:17:4:0:3,,,,5,11,16,0
234,0,0,0,0,0,0,0,24,2,0,0,abacabadadacbhbbadadadbdadbd,ch,,,:1:2:1:3:3:2:23:17:3:3:3:19:3:19,:39,,,:25:17:4:26:29:23:0:22:10:3:32:13:18:35,:28,,,15,16,31,0
235,0,0,0,0,0,0,0,0,0,0,0,,,,,,,,,,,,,0,0,0,0
236,0,0,0,0,0,0,0,11,4,0,0,abadacbbadadad,bdbbbdch,,,:1:3:2:17:3:3:3,:19:17:19:39,,,:4:29:23:22:3:42:32,:6:1:44:38,,,11,20,31,0
237,0,0,0,0,0,0,0,23,10,0,0,abacabadadacbhadadadabadbdad,bbchchchch,,,:1:2:1:3:3:2:23:3:3:3:1:3:19:3,:17:39:39:39:39,,,:25:17:4:26:29:23:0:10:3:42:7:32:13:18,:1:11:37:28:21,,,26,13,39,6
238,1,0,0,0,0,0,0,19,4,0,0,abacabadadacbhbbadadadbd,bdbdch,,,:1:2:1:3:3:2:23:17:3:3:3:19,:19:19:39,,,:25:17:4:26:29:23:0:22:3:42:32:35,:6:44:37,,,15,24,39,0
239,0,0,0,0,0,0,0,20,11,0,0,abacabadadacbhbbadadadadbd,bdbbbdchchchchch,,,:1:2:1:3:3:2:23:17:3:3:3:3:19,:19:17:19:39:39:39:39:39,,,:25:17:4:26:29:23:0:22:10:3:32:18:35,:6:1:44:37:28:12:21:38,,,21,10,31,0
240,18,0,0,0,0,0,0,27,2,0,0,abacabadadacbhbbadadadabadbdadbd,bdbb,,,:1:2:1:3:3:2:23:17:3:3:3:1:3:19:3:19,:19:17,,,:25:17:4:26:29:23:0:22:10:3:42:7:32:13:18:35,:6:1,,,32,15,47,9
241,0,0,0,0,0,0,0,23,6,0,0,abacabadadacbhbbadadadbdad,bdbdchch,,,:1:2:1:3:3:2:23:17:3:3:3:19:3,:19:19:39:39,,,:25:17:4:26:29:23:0:22:10:42:32:13:18,:6:44:37:28,,,17,14,31,0
242,0,0,0,0,0,0,0,20,2,0,0,abadadacbhbbadadadadadbd,bbbd,,,:1:3:3:2:23:17:3:3:3:3:3:19,:17:19,,,:25:26:29:23:0:22:10:3:42:32:18:35,:1:44,,,14,17,31,0
243,0,0,0,0,0,0,0,27,15,0,0,abacabadadacbhbbadadadabadbdadbd,bdbbbdchchchchchchch,,,:1:2:1:3:3:2:23:17:3:3:3:1:3:19:3:19,:19:17:19:39:39:39:39:39:39:39,,,:25:17:4:26:29:23:0:22:10:3:42:7:32:13:18:35,:6:1:44:11:37:28:12:21:38:9,,,26,5,31,0
244,0,0,0,0,0,0,0,23,13,0,0,abacabadadacbhbbadadadabadadbd,bdbbbdchchchchch,,,:1:2:1:3:3:2:23:17:3:3:3:1:3:3:19,:19:17:19:39:39:39:39:39,,,:25:17:4:26:29:23:0:22:10:3:42:7:32:18:35,:6:1:44:11:37:28:12:21,,,23,8,31,0
245,0,0,0,0,0,0,0,12,3,0,0,abacabadadadadbd,bdbbbd,,,:1:2:1:3:3:3:3:19,:19:17:19,,,:25:17:4:26:3:42:18:35,:6:1:44,,,11,20,31,0
246,0,0,0,0,0,0,0,14,13,0,0,abacabadadacbhbbadad,bdbbbdchchchchch,,,:1:2:1:3:3:2:23:17:3:3,:19:17:19:39:39:39:39:39,,,:25:17:4:26:29:23:0:22:10:3,:6:1:44:11:37:28:12:21,,,18,13,31,0
247,0,0,0,0,0,0,0,20,3,0,0,abacabadadacbhbbadadadadbd,bdbbbd,,,:1:2:1:3:3:2:23:17:3:3:3:3:19,:19:17:19,,,:25:17:4:26:29:23:0:22:10:3:42:18:35,:6:1:44,,,16,15,31,0
248,0,0,0,0,0,0,0,27,13,0,0,abacabadadacbhbbadadadabadbdadbd,bdbbbdchchchchchdh,,,:1:2:1:3:3:2:23:17:3:3:3:1:3:19:3:19,:19:17:19:39:39:39:39:39:55,,,:25:17:4:26:29:23:0:22:10:3:42:7:32:13:18:35,:6:1:44:37:28:12:21:9:2,,,25,6,31,1
249,0,0,0,0,0,0,0,20,5,0,0,abacabadadacbhbbadadadadbd,bdchch,,,:1:2:1:3:3:2:23:17:3:3:3:3:19,:19:39:39,,,:25:17:4:26:29:23:0:22:10:3:42:32:35,:44:37:28,,,16,15,31,0
250,0,0,0,0,0,0,0,22,0,0,0,abacabadadacbhbbadadadadadbd,,,,:1:2:1:3:3:2:23:17:3:3:3:3:3:19,,,,:25:17:4:26:29:23:0:22:10:3:42:32:18:35,,,,14,17,31,0
251,0,0,0,0,0,0,0,20,2,0,0,abacabadadacbhbbadadadadbd,bbbd,,,:1:2:1:3:3:2:23:17:3:3:3:3:19,:17:19,,,:25:17:4:26:29:23:0:22:10:3:42:32:35,:1:44,,,15,16,31,0
252,0,0,0,0,0,0,0,17,5,0,0,abacabadadbbadadadbd,bdbbbdch,,,:1:2:1:3:3:17:3:3:3:19,:19:17:19:39,,,:25:17:4:26:29:22:10:3:42:13,:6:1:44:37,,,14,17,31,0
253,0,0,0,0,0,0,0,16,7,0,0,abacabadadacbhbbadadad,bdbbbdchch,,,:1:2:1:3:3:2:23:17:3:3:3,:19:17:19:39:39,,,:25:17:4:26:29:23:0:22:10:3:42,:6:1:44:37:28,,,16,15,31,0
254,1,0,0,0,0,0,0,22,7,0,0,abacabadadacbhbbadadadadbd,bdbbbdchch,,,:1:2:1:3:3:2:23:17:3:3:3:3:19,:19:17:19:39:39,,,:25:17:4:26:29:23:0:22:10:3:42:32:13,:6:1:44:37:28,,,18,21,39,1
255,0,0,0,0,0,0,0,20,4,0,0,abacabadadacbhbbadadadadbd,bbchch,,,:1:2:1:3:3:2:23:17:3:3:3:3:19,:17:39:39,,,:25:17:4:26:29:23:0:22:10:3:42:18:35,:1:28:38,,,16,15,31,0
256,0,0,0,0,0,0,0,18,5,0,0,abacabadadacbhbbadadadad,bdbbbdch,,,:1:2:1:3:3:2:23:17:3:3:3:3,:19:17:19:39,,,:25:17:4:26:29:23:0:22:10:3:42:32,:6:1:44:37,,,16,15,31,0
257,14,0,0,0,0,0,0,26,2,0,0,abacabadadacbhbbadadadadbdadbd,bbbd,,,:1:2:1:3:3:2:23:17:3:3:3:3:19:3:19,:17:19,,,:25:17:4:26:29:23:0:22:10:3:42:32:13:18:35,:1:44,,,24,23,47,16
258,0,0,0,0,0,0,0,18,6,0,0,abacabadadacbbadadadadad,bdbbbdchch,,,:1:2:1:3:3:2:17:3:3:3:3:3,:19:17:19:39:39,,,:25:17:4:26:29:23:22:10:3:42:32:18,:6:1:44:28:12,,,17,14,31,1
259,0,0,0,0,0,0,0,22,0,0,0,abacabadadacbhbbadadadadbd,,,,:1:2:1:3:3:2:23:17:3:3:3:3:19,,,,:25:17:4:26:29:23:0:22:10:3:42:32:13,,,,13,18,31,0
260,0,0,0,0,0,0,0,1,0,0,0,ab,,,,:1,,,,:25,,,,1,15,16,0
261,0,0,0,0,0,0,0,4,0,0,0,acabbb,,,,:2:1:17,,,,:17:4:22,,,,3,13,16,0
262,0,0,0,0,0,0,0,16,8,0,0,abacabadadacbhbbadadad,bdbdchchchch,,,:1:2:1:3:3:2:23:17:3:3:3,:19:19:39:39:39:39,,,:25:17:4:26:29:23:0:22:10:3:42,:6:44:37:28:12:38,,,17,14,31,0
263,0,0,0,0,0,0,0,21,6,0,0,ababadadacbhbbadadadadadbd,bdbdchch,,,:1:1:3:3:2:23:17:3:3:3:3:3:19,:19:19:39:39,,,:25:4:26:29:23:0:22:10:3:42:32:18:35,:6:44:37:28,,,17,14,31,0
264,0,0,0,0,0,0,0,22,4,0,0,abacabadadacbhbbadadadadadbd,bdbbbdch,,,:1:2:1:3:3:2:23:17:3:3:3:3:3:19,:19:17:19:39,,,:25:17:4:26:29:23:0:22:10:3:42:32:18:35,:6:1:44:38,,,18,13,31,0
265,0,0,0,0,0,0,0,14,6,0,0,abacabadadacbbadadad,bdbdchch,,,:1:2:1:3:3:2:17:3:3:3,:19:19:39:39,,,:25:17:4:26:29:23:22:10:3:42,:6:44:37:28,,,14,17,31,0
266,0,0,0,0,0,0,0,0,0,0,0,,,,,,,,,,,,,0,16,16,0
267,0,0,0,0,0,0,0,22,0,0,0,abacabadadacbhbbadadadbdad,,,,:1:2:1:3:3:2:23:17:3:3:3:19:3,,,,:25:17:4:26:29:23:0:22:10:3:32:13:18,,,,13,18,31,0
268,0,0,0,0,0,0,0,23,7,0,0,abacabadadacbhbbadadadabadadbd,bdbbbdchch,,,:1:2:1:3:3:2:23:17:3:3:3:1:3:3:19,:19:17:19:39:39,,,:25:17:4:26:29:23:0:22:10:3:42:7:32:18:35,:6:1:44:37:28,,,20,19,39,0
269,0,0,0,0,0,0,0,11,7,0,0,abacadacbbadadbd,bdbbbdchch,,,:1:2:3:2:17:3:3:19,:19:17:19:39:39,,,:25:17:26:23:22:10:3:35,:6:1:44:37:28,,,13,18,31,0
270,0,0,0,0,0,0,0,20,2,0,0,abacabadadacbhbbadadadadbd,ch,,,:1:2:1:3:3:2:23:17:3:3:3:3:19,:39,,,:25:17:4:26:29:23:0:22:10:3:42:32:35,:37,,,14,17,31,0
271,0,0,0,0,0,0,0,27,4,0,0,abacabadadacbhbbadadadabadbdadbd,bdbbbdch,,,:1:2:1:3:3:2:23:17:3:3:3:1:3:19:3:19,:19:17:19:39,,,:25:17:4:26:29:23:0:22:10:3:42:7:32:13:18:35,:6:1:44:38,,,20,11,31,1
272,0,0,0,0,0,0,0,5,0,0,0,abacabad,,,,:1:2:1:3,,,,:25:17:4:26,,,,11,13,24,0
273,0,0,0,0,0,0,0,20,3,0,0,abacabadadacbhbbadadadadbd,bdbdch,,,:1:2:1:3:3:2:23:17:3:3:3:3:19,:19:19:39,,,:25:17:4:26:29:23:0:22:10:3:42:18:35,:6:44:38,,,16,15,31,0
274,0,0,0,0,0,0,0,0,0,0,0,,,,,,,,,,,,,0,0,0,0
275,0,0,0,0,0,0,0,13,2,0,0,acbhadadabadadbd,bbbd,,,:2:23:3:3:1:3:3:19,:17:19,,,:23:0:3:42:7:32:18:35,:1:44,,,10,21,31,0
276,0,0,0,0,0,0,0,20,0,0,0,abacabadadacbhbbadadadadbd,,,,:1:2:1:3:3:2:23:17:3:3:3:3:19,,,,:25:17:4:26:29:23:0:22:10:3:42:18:35,,,,21,18,39,2
277,0,0,0,0,0,0,0,10,3,0,0,abadadacbhbb,bdch,,,:1:3:3:2:23:17,:19:39,,,:4:26:29:23:0:22,:44:28,,,8,23,31,0
278,0,0,0,0,0,0,0,0,0,0,0,,,,,,,,,,,,,0,16,16,0
279,0,0,0,0,0,0,0,20,2,0,0,abacabadadacbhbbadadadadad,bdbd,,,:1:2:1:3:3:2:23:17:3:3:3:3:3,:19:19,,,:25:17:4:26:29:23:0:22:10:3:42:32:18,:6:44,,,15,16,31,5
280,0,0,0,0,0,0,0,0,0,0,0,,,,,,,,,,,,,0,31,31,0
281,0,0,0,0,0,0,0,16,8,0,0,abacabadadacbhbbadadad,bdbbbdchchch,,,:1:2:1:3:3:2:23:17:3:3:3,:19:17:19:39:39:39,,,:25:17:4:26:29:23:0:22:10:3:42,:6:1:44:37:28:12,,,24,15,39,2
282,1,0,0,0,0,0,0,6,0,0,0,abacabadad,,,,:1:2:1:3:3,,,,:25:17:4:3:18,,,,5,34,39,2
283,0,0,0,0,0,0,0,23,19,0,0,abacabadadacbhbbadadadabadadbd,bdbbbdchchchchchchdhchdh,,,:1:2:1:3:3:2:23:17:3:3:3:1:3:3:19,:19:17:19:39:39:39:39:39:39:55:39:55,,,:25:17:4:26:29:23:0:22:10:3:42:7:32:18:35,:6:1:44:11:37:28:12:21:38:8:9:2,,,27,4,31,0
284,0,0,0,0,0,0,0,20,3,0,0,abacabadadacbhbbadadadadbd,bdbbbd,,,:1:2:1:3:3:2:23:17:3:3:3:3:19,:19:17:19,,,:25:17:4:26:29:23:0:22:10:3:42:18:35,:6:1:44,,,16,15,31,1
285,0,0,0,0,0,0,0,17,3,0,0,acabadadacbhbbadadadad,bdbbbd,,,:2:1:3:3:2:23:17:3:3:3:3,:19:17:19,,,:17:4:26:29:23:0:22:10:3:42:18,:6:1:44,,,14,25,39,0
286,0,0,0,0,0,0,0,22,8,0,0,abacabadadacbhbbadadadadadbd,bdbbbdchchch,,,:1:2:1:3:3:2:23:17:3:3:3:3:3:19,:19:17:19:39:39:39,,,:25:17:4:26:29:23:0:22:10:3:42:32:18:35,:6:1:44:37:28:38,,,27,12,39,0
287,0,0,0,0,0,0,0,0,0,0,0,,,,,,,,,,,,,0,31,31,2
288,0,0,0,0,0,0,0,22,3,0,0,abacabadadacbhbbadadadadadbd,bdbbbd,,,:1:2:1:3:3:2:23:17:3:3:3:3:3:19,:19:17:19,,,:25:17:4:26:29:23:0:22:10:3:42:32:18:35,:6:1:44,,,23,16,39,0
289,0,0,0,0,0,0,0,27,6,0,0,abacabadadacbhbbadadadabadbdadbd,bdbbbdchch,,,:1:2:1:3:3:2:23:17:3:3:3:1:3:19:3:19,:19:17:19:39:39,,,:25:17:4:26:29:23:0:22:10:3:42:7:32:13:18:35,:6:1:44:37:38,,,21,18,39,0
290,1,0,0,0,0,0,0,24,14,0,0,abacabadadacbhbbadadadadbdad,bdbbbdchchchchdheh,,,:1:2:1:3:3:2:23:17:3:3:3:3:19:3,:19:17:19:39:39:39:39:55:71,,,:25:17:4:26:29:23:0:22:10:3:42:32:13:18,:6:1:44:37:28:12:38:2:33,,,23,16,39,0
291,0,0,0,0,0,0,0,23,9,0,0,abacabadadbbadadadadbdadbd,bdbbbdchchch,,,:1:2:1:3:3:17:3:3:3:3:19:3:19,:19:17:19:39:39:39,,,:25:17:4:26:29:22:10:3:42:32:13:18:35,:6:1:44:11:28:12,,,19,12,31,0
292,0,0,0,0,0,0,0,17,2,0,0,abacabadadbhbbadadadbd,ch,,,:1:2:1:3:3:23:17:3:3:3:19,:39,,,:25:17:4:26:29:0:22:10:3:42:35,:37,,,18,21,39,0
293,0,0,0,0,0,0,0,22,5,0,0,abacabadadacbhbbadadadadadbd,bdbbbdch,,,:1:2:1:3:3:2:23:17:3:3:3:3:3:19,:19:17:19:39,,,:25:17:4:26:29:23:0:22:10:3:42:32:18:35,:6:1:44:37,,,18,13,31,0
294,0,0,0,0,0,0,0,14,2,0,0,acabadacbbadadbd,bdbd,,,:2:1:3:2:17:3:3:19,:19:19,,,:17:4:26:23:22:10:32:13,:6:44,,,10,21,31,0
295,1,0,0,0,0,0,0,16,7,0,0,abacabadadacbhbbadadad,bdbbbdchch,,,:1:2:1:3:3:2:23:17:3:3:3,:19:17:19:39:39,,,:25:17:4:26:29:23:0:22:10:3:42,:6:1:44:37:28,,,16,23,39,0
296,0,0,0,0,0,0,0,19,7,0,0,abacabadadbhbbadadadadad,bdbbbdchch,,,:1:2:1:3:3:23:17:3:3:3:3:3,:19:17:19:39:39,,,:25:17:4:26:29:0:22:10:3:42:32:18,:6:1:44:37:28,,,17,14,31,0
297,0,0,0,0,0,0,0,0,0,0,0,,,,,,,,,,,,,0,0,0,0
298,0,0,0,0,0,0,0,27,0,0,0,abacabadadacbhbbadadadabadbdadbd,,,,:1:2:1:3:3:2:23:17:3:3:3:1:3:19:3:19,,,,:25:17:4:26:29:23:0:22:10:3:42:7:32:13:18:35,,,,16,15,31,0
299,0,0,0,0,0,0,0,18,2,0,0,abacabadacbhadadbdad,ch,,,:1:2:1:3:2:23:3:3:19:3,:39,,,:25:17:4:26:23:0:42:32:13:18,:28,,,11,20,31,0
300,0,0,0,0,0,0,0,0,0,0,0,,,,,,,,,,,,,7,32,39,0
301,0,0,0,0,0,0,0,14,6,0,0,abacabadadacbhadadad,bdbdchch,,,:1:2:1:3:3:2:23:3:3:3,:19:19:39:39,,,:25:17:4:26:29:23:0:10:3:42,:6:44:37:28,,,22,17,39,0
302,0,0,0,0,0,0,0,21,6,0,0,abacabadadbhbbadbdadbd,chdheh,,,:1:2:1:3:3:23:17:3:19:3:19,:39:55:71,,,:25:17:4:26:29:0:22:32:13:18:35,:9:2:33,,,14,17,31,0
303,0,0,0,0,0,0,0,23,1,0,0,abacabadadbhbbadabadbdadbd,bd,,,:1:2:1:3:3:23:17:3:1:3:19:3:19,:19,,,:25:17:4:26:29:0:22:10:7:32:13:18:35,:44,,,14,17,31,0
304,0,0,0,0,0,0,0,20,7,0,0,abacabadadacbhbbadadadadbd,bdbbbdchch,,,:1:2:1:3:3:2:23:17:3:3:3:3:19,:19:17:19:39:39,,,:25:17:4:26:29:23:0:22:10:3:42:32:35,:6:1:44:37:28,,,18,13,31,0
305,0,0,0,0,0,0,0,22,1,0,0,abacabadadacbhbbadadadadadbd,bd,,,:1:2:1:3:3:2:23:17:3:3:3:3:3:19,:19,,,:25:17:4:26:29:23:0:22:10:3:42:32:18:35,:44,,,15,16,31,0
306,0,0,0,0,0,0,0,17,3,0,0,abacabadadbbadadadadad,bdch,,,:1:2:1:3:3:17:3:3:3:3:3,:19:39,,,:25:17:4:26:29:22:10:3:42:32:18,:6:37,,,13,18,31,0
307,0,0,0,0,0,0,0,16,10,0,0,abacabadadacbhbbadadad,bdbbbdchchchdh,,,:1:2:1:3:3:2:23:17:3:3:3,:19:17:19:39:39:39:55,,,:25:17:4:26:29:23:0:22:10:3:42,:6:1:44:37:28:9:2,,,18,13,31,0
308,0,0,0,0,0,0,0,23,10,0,0,abacabadadacbhbbadadadabadadbd,bdbbbdchchchchch,,,:1:2:1:3:3:2:23:17:3:3:3:1:3:3:19,:19:17:19:39:39:39:39:39,,,:25:17:4:26:29:23:0:22:10:3:42:7:32:18:35,:6:1:44:37:28:12:38:9,,,23,8,31,0
309,1,0,0,0,0,0,0,15,3,0,0,abacadbbadadadbd,bdch,,,:1:2:3:17:3:3:3:19,:19:39,,,:25:17:29:22:3:42:32:13,:44:37,,,10,37,47,1
310,0,0,0,0,0,0,0,16,7,0,0,abacabadadacbhbbadadad,bdbbbdchch,,,:1:2:1:3:3:2:23:17:3:3:3,:19:17:19:39:39,,,:25:17:4:26:29:23:0:22:10:3:42,:6:1:44:37:28,,,16,15,31,1
311,0,0,0,0,0,0,0,18,3,0,0,abacabadadacbhbbadadadad,bdbbbd,,,:1:2:1:3:3:2:23:17:3:3:3:3,:19:17:19,,,:25:17:4:26:29:23:0:22:10:3:42:32,:6:1:44,,,23,16,39,0
312,0,0,0,0,0,0,0,22,0,0,0,abacabadadacbhbbadadadbdad,,,,:1:2:1:3:3:2:23:17:3:3:3:19:3,,,,:25:17:4:26:29:23:0:22:10:3:32:13:18,,,,13,18,31,0
313,0,0,0,0,0,0,0,16,6,0,0,abacabadadacbhbbadadad,bdbbchch,,,:1:2:1:3:3:2:23:17:3:3:3,:19:17:39:39,,,:25:17:4:26:29:23:0:22:10:3:42,:6:1:37:28,,,15,24,39,3
314,0,0,0,0,0,0,0,17,3,0,0,abacabadadacbhadadadbd,bdbbbd,,,:1:2:1:3:3:2:23:3:3:3:19,:19:17:19,,,:25:17:4:26:29:23:0:3:32:18:35,:6:1:44,,,14,17,31,0
315,0,0,0,0,0,0,0,18,5,0,0,abacabadacbhbbadadadadad,bdbbbdch,,,:1:2:1:3:2:23:17:3:3:3:3:3,:19:17:19:39,,,:25:17:4:26:23:0:22:10:3:42:32:18,:6:1:44:28,,,16,23,39,0
316,0,0,0,0,0,0,0,23,2,0,0,abacabadadacbhbbadadadbdbd,ch,,,:1:2:1:3:3:2:23:17:3:3:3:19:19,:39,,,:25:17:4:26:29:23:0:22:3:42:32:13:35,:37,,,14,17,31,0
317,0,0,0,0,0,0,0,18,4,0,0,abacabadacbhbbadadadadbd,bdbbbdch,,,:1:2:1:3:2:23:17:3:3:3:3:19,:19:17:19:39,,,:25:17:4:26:23:0:22:10:3:42:18:35,:6:1:44:38,,,16,15,31,0
318,0,0,0,0,0,0,0,0,1,0,0,,bb,,,,:17,,,,:1,,,1,30,31,0
319,0,0,0,0,0,0,0,19,5,0,0,acabadadacbhbbadadadadbd,bdbbbdch,,,:2:1:3:3:2:23:17:3:3:3:3:19,:19:17:19:39,,,:17:4:26:29:23:0:22:10:3:32:18:35,:6:1:44:37,,,16,15,31,0
320,0,0,0,0,0,0,0,20,4,0,0,abacabadadacbhbbadadadadbd,bdbbbdch,,,:1:2:1:3:3:2:23:17:3:3:3:3:19,:19:17:19:39,,,:25:17:4:26:29:23:0:22:10:3:42:32:35,:6:1:44:38,,,17,14,31,0
321,0,0,0,0,0,0,0,0,0,0,0,,,,,,,,,,,,,0,0,0,0
322,0,0,0,0,0,0,0,0,0,0,0,,,,,,,,,,,,,0,16,16,3
323,0,0,0,0,0,0,0,0,0,0,0,,,,,,,,,,,,,0,0,0,0
324,0,0,0,0,0,0,0,26,11,0,0,abacabadadbhbbadadadabadbdadbd,bdbdchchchchch,,,:1:2:1:3:3:23:17:3:3:3:1:3:19:3:19,:19:19:39:39:39:39:39,,,:25:17:4:26:29:0:22:10:3:42:7:32:13:18:35,:6:44:11:37:21:38:9,,,22,9,31,0
325,0,0,0,0,0,0,0,22,3,0,0,abacabadadacbhbbadadadadadbd,bdbbbd,,,:1:2:1:3:3:2:23:17:3:3:3:3:3:19,:19:17:19,,,:25:17:4:26:29:23:0:22:10:3:42:32:18:35,:6:1:44,,,17,14,31,0
326,1,0,0,0,0,0,0,27,6,0,0,abacabadadacbhbbadadadabadbdadbd,bbbdchch,,,:1:2:1:3:3:2:23:17:3:3:3:1:3:19:3:19,:17:19:39:39,,,:25:17:4:26:29:23:0:22:10:3:42:7:32:13:18:35,:1:44:37:28,,,20,19,39,6
327,0,0,0,0,0,0,0,0,0,0,0,,,,,,,,,,,,,0,31,31,0
328,0,0,0,0,0,0,0,6,1,0,0,acadbhad,bd,,,:2:3:23:3,:19,,,:17:26:0:3,:44,,,5,34,39,1
329,1,0,0,0,0,0,0,24,6,0,0,abacabadadacbhbbadadadadbdad,bdbbbdchch,,,:1:2:1:3:3:2:23:17:3:3:3:3:19:3,:19:17:19:39:39,,,:25:17:4:26:29:23:0:22:10:3:42:32:13:18,:6:1:44:37:9,,,27,20,47,12
330,1,0,0,0,0,0,0,20,0,0,0,ababadadacbhbbadadbdad,,,,:1:1:3:3:2:23:17:3:3:19:3,,,,:25:4:26:29:23:0:22:3:32:13:18,,,,11,28,39,0
331,0,0,0,0,0,0,0,22,0,0,0,abacabadadacbhbbadadadadadbd,,,,:1:2:1:3:3:2:23:17:3:3:3:3:3:19,,,,:25:17:4:26:29:23:0:22:10:3:42:32:18:35,,,,14,10,24,0
332,0,0,0,0,0,0,0,23,3,0,0,abacabadadacbhbbadadadabadadbd,bdbbbd,,,:1:2:1:3:3:2:23:17:3:3:3:1:3:3:19,:19:17:19,,,:25:17:4:26:29:23:0:22:10:3:42:7:32:18:35,:6:1:44,,,18,13,31,0
333,0,0,0,0,0,0,0,19,3,0,0,abacabadadbhbbadadadadad,bdbbbd,,,:1:2:1:3:3:23:17:3:3:3:3:3,:19:17:19,,,:25:17:4:26:29:0:22:10:3:42:32:18,:6:1:44,,,15,16,31,0
334,0,0,0,0,0,0,0,11,4,0,0,acabacadadadadad,bdbbbdch,,,:2:1:2:3:3:3:3:3,:19:17:19:39,,,:17:4:23:10:3:42:32:18,:6:1:44:38,,,12,19,31,0
335,0,0,0,0,0,0,0,19,2,0,0,abacabadadacbhbbadadadad,bdbd,,,:1:2:1:3:3:2:23:17:3:3:3:3,:19:19,,,:25:17:4:26:29:23:0:22:3:42:32:18,:6:44,,,14,17,31,0
336,0,0,0,0,0,0,0,27,5,0,0,abacabadadacbhbbadadadabadbdadbd,bdbbbdch,,,:1:2:1:3:3:2:23:17:3:3:3:1:3:19:3:19,:19:17:19:39,,,:25:17:4:26:29:23:0:22:10:3:42:7:32:13:18:35,:6:1:44:37,,,20,11,31,0
337,0,0,0,0,0,0,0,23,6,0,0,abacabadadacbhbbadadadbdbd,bdbdchch,,,:1:2:1:3:3:2:23:17:3:3:3:19:19,:19:19:39:39,,,:25:17:4:26:29:23:0:22:3:42:32:13:35,:6:44:37:28,,,17,14,31,0
338,0,0,0,0,0,0,0,2,2,0,0,abac,bdbd,,,:1:2,:19:19,,,:25:17,:6:44,,,4,27,31,0
339,1,0,0,0,0,0,0,18,5,0,0,abacabadadacbhbbadadadad,bbbdchch,,,:1:2:1:3:3:2:23:17:3:3:3:3,:17:19:39:39,,,:25:17:4:26:29:23:0:22:10:3:42:32,:1:44:37:9,,,16,23,39,0
340,0,0,0,0,0,0,0,21,7,0,0,abacabadadacbhbbadadadabadad,bdbbbdchch,,,:1:2:1:3:3:2:23:17:3:3:3:1:3:3,:19:17:19:39:39,,,:25:17:4:26:29:23:0:22:10:3:42:7:32:18,:6:1:44:37:28,,,19,12,31,0
341,0,0,0,0,0,0,0,20,3,0,0,abacabadadacbhbbadadadadad,bdbbbd,,,:1:2:1:3:3:2:23:17:3:3:3:3:3,:19:17:19,,,:25:17:4:26:29:23:0:22:10:3:42:32:18,:6:1:44,,,16,15,31,0
342,0,0,0,0,0,0,0,21,4,0,0,abacabadadbhbbadadadadadbd,bbbdch,,,:1:2:1:3:3:23:17:3:3:3:3:3:19,:17:19:39,,,:25:17:4:26:29:0:22:10:3:42:32:18:35,:1:44:28,,,23,16,39,0
343,0,0,0,0,0,0,0,3,0,0,0,abacab,,,,:1:2:1,,,,:25:17:4,,,,3,13,16,0
344,0,0,0,0,0,0,0,16,5,0,0,abacabadadacbhbbadadad,bdbbchch,,,:1:2:1:3:3:2:23:17:3:3:3,:19:17:39:39,,,:25:17:4:26:29:23:0:22:10:3:42,:6:1:28:12,,,15,16,31,0
345,24,0,0,0,0,0,0,27,3,0,0,abacabadadacbhbbadadadabadbdadbd,bdbbbd,,,:1:2:1:3:3:2:23:17:3:3:3:1:3:19:3:19,:19:17:19,,,:25:17:4:26:29:23:0:22:10:3:42:7:32:13:18:35,:6:1:44,,,27,12,39,11
346,0,0,0,0,0,0,0,19,4,0,0,abacabadadacbhbbadadadabad,bdbbbdch,,,:1:2:1:3:3:2:23:17:3:3:3:1:3,:19:17:19:39,,,:25:17:4:26:29:23:0:22:10:3:42:7:32,:6:1:44:38,,,17,14,31,0
347,0,0,0,0,0,0,0,18,2,0,0,abacabadadacbhadadadadbd,bbbd,,,:1:2:1:3:3:2:23:3:3:3:3:19,:17:19,,,:25:17:4:26:29:23:0:10:3:42:18:35,:1:44,,,14,17,31,1
348,0,0,0,0,0,0,0,18,6,0,0,abacabacadadabadbdadbd,bdbdchch,,,:1:2:1:2:3:3:1:3:19:3:19,:19:19:39:39,,,:25:17:4:23:3:42:7:32:13:18:35,:6:44:37:28,,,15,16,31,0
349,0,0,0,0,0,0,0,20,3,0,0,abacabadadacbhbbadadadadbd,bdbbbd,,,:1:2:1:3:3:2:23:17:3:3:3:3:19,:19:17:19,,,:25:17:4:26:29:23:0:22:10:3:42:18:35,:6:1:44,,,16,15,31,0
350,0,0,0,0,0,0,0,18,2,0,0,abacabadacbhbbadadadadbd,bdbd,,,:1:2:1:3:2:23:17:3:3:3:3:19,:19:19,,,:25:17:4:26:23:0:22:10:3:42:18:35,:6:44,,,14,17,31,0
351,0,0,0,0,0,0,0,27,3,0,0,abacabadadacbhbbadadadabadbdadbd,bdbbbd,,,:1:2:1:3:3:2:23:17:3:3:3:1:3:19:3:19,:19:17:19,,,:25:17:4:26:29:23:0:22:10:3:42:7:32:13:18:35,:6:1:44,,,19,12,31,0
352,0,0,0,0,0,0,0,18,5,0,0,abacabadadacbhbbadadadad,bdbbbdch,,,:1:2:1:3:3:2:23:17:3:3:3:3,:19:17:19:39,,,:25:17:4:26:29:23:0:22:10:3:42:32,:6:1:44:37,,,16,15,31,0
353,1,0,0,0,0,0,0,22,5,0,0,abacabadadacbhbbadadadadadbd,bdbbbdch,,,:1:2:1:3:3:2:23:17:3:3:3:3:3:19,:19:17:19:39,,,:25:17:4:26:29:23:0:22:10:3:42:32:18:35,:6:1:44:37,,,18,21,39,0
354,0,0,0,0,0,0,0,23,0,0,0,abacabadadbhbbadabadbdadbd,,,,:1:2:1:3:3:23:17:3:1:3:19:3:19,,,,:25:17:4:26:29:0:22:10:7:32:13:18:35,,,,13,18,31,0
355,1,0,0,0,0,0,0,19,0,0,0,abacabadadbbadadadadadbd,,,,:1:2:1:3:3:17:3:3:3:3:3:19,,,,:25:17:4:26:29:22:10:3:42:32:18:35,,,,12,27,39,0
356,0,0,0,0,0,0,0,0,0,0,0,,,,,,,,,,,,,0,0,0,0
357,0,0,0,0,0,0,0,3,0,0,0,abacab,,,,:1:2:1,,,,:25:17:4,,,,3,13,16,0
358,0,0,0,0,0,0,0,14,3,0,0,abacadacbhadadadbd,bbbdch,,,:1:2:3:2:23:3:3:3:19,:17:19:39,,,:25:17:26:23:0:3:42:18:35,:1:44:38,,,12,27,39,5
359,0,0,0,0,0,0,0,22,3,0,0,abacabadadacbhbbadadadadadbd,bdbbbd,,,:1:2:1:3:3:2:23:17:3:3:3:3:3:19,:19:17:19,,,:25:17:4:26:29:23:0:22:10:3:42:32:18:35,:6:1:44,,,17,14,31,0
360,0,0,0,0,0,0,0,16,2,0,0,abacabadadacbhadadadad,bdbb,,,:1:2:1:3:3:2:23:3:3:3:3,:19:17,,,:25:17:4:26:29:23:0:10:3:32:18,:6:1,,,13,18,31,0
361,0,0,0,0,0,0,0,26,3,0,0,abacabadadacbhbbadadadadbdadbd,bdbbbd,,,:1:2:1:3:3:2:23:17:3:3:3:3:19:3:19,:19:17:19,,,:25:17:4:26:29:23:0:22:10:3:42:32:13:18:35,:6:1:44,,,25,14,39,0
362,5,0,0,0,0,0,0,19,5,0,0,abacabadadacbhbbadadadabbd,bdbbbdch,,,:1:2:1:3:3:2:23:17:3:3:3:1:19,:19:17:19:39,,,:25:17:4:26:29:23:0:22:10:3:42:7:35,:6:1:44:28,,,29,18,47,18
363,0,0,0,0,0,0,0,22,7,0,0,abacabadadacbhbbadadadadadbd,bdbbbdchch,,,:1:2:1:3:3:2:23:17:3:3:3:3:3:19,:19:17:19:39:39,,,:25:17:4:26:29:23:0:22:10:3:42:32:18:35,:6:1:44:37:28,,,19,12,31,0
364,0,0,0,0,0,0,0,24,2,0,0,abacabadadacbhbbadadadbdadbd,bbbd,,,:1:2:1:3:3:2:23:17:3:3:3:19:3:19,:17:19,,,:25:17:4:26:29:23:0:22:10:3:32:13:18:35,:1:44,,,16,15,31,0
365,0,0,0,0,0,0,0,27,1,0,0,abacabadadacbhbbadadadabadbdadbd,bd,,,:1:2:1:3:3:2:23:17:3:3:3:1:3:19:3:19,:19,,,:25:17:4:26:29:23:0:22:10:3:42:7:32:13:18:35,:44,,,17,14,31,0
366,0,0,0,0,0,0,0,8,7,0,0,acadadadbd,bdbbbdchch,,,:2:3:3:3:19,:19:17:19:39:39,,,:23:3:42:18:35,:6:1:44:37:28,,,10,21,31,0
367,0,0,0,0,0,0,0,5,7,0,0,acabbbad,bdbbbdchch,,,:2:1:17:3,:19:17:19:39:39,,,:17:4:22:10,:6:1:44:37:28,,,9,30,39,0
368,0,0,0,0,0,0,0,14,1,0,0,abacabadadacbhbbadad,bd,,,:1:2:1:3:3:2:23:17:3:3,:19,,,:25:17:4:26:29:23:0:22:10:3,:6,,,11,20,31,0
369,0,0,0,0,0,0,0,13,8,0,0,abacabadadacbhbbad,bdbbbdchchch,,,:1:2:1:3:3:2:23:17:3,:19:17:19:39:39:39,,,:25:17:4:26:29:23:0:22:10,:6:1:44:37:28:38,,,15,16,31,0
370,0,0,0,0,0,0,0,21,10,0,0,abacabadadacbhbbadadadabadad,bdbbbdchchchchch,,,:1:2:1:3:3:2:23:17:3:3:3:1:3:3,:19:17:19:39:39:39:39:39,,,:25:17:4:26:29:23:0:22:10:3:42:7:32:18,:6:1:44:37:28:12:38:9,,,22,9,31,0
371,0,0,0,0,0,0,0,18,3,0,0,acabadadacbhbbadadadad,bdbbbd,,,:2:1:3:3:2:23:17:3:3:3:3,:19:17:19,,,:17:4:26:29:23:0:22:3:42:32:18,:6:1:44,,,14,17,31,1
372,0,0,0,0,0,0,0,19,3,0,0,abacabadadbbadadadadadbd,bdbbbd,,,:1:2:1:3:3:17:3:3:3:3:3:19,:19:17:19,,,:25:17:4:26:29:22:10:3:42:32:18:35,:6:1:44,,,15,16,31,0
373,0,0,0,0,0,0,0,15,5,0,0,abacabadadbhbbadadad,bdbbbdch,,,:1:2:1:3:3:23:17:3:3:3,:19:17:19:39,,,:25:17:4:26:29:0:22:10:3:42,:6:1:44:37,,,20,19,39,0
374,0,0,0,0,0,0,0,14,5,0,0,abacabadbbadadadbd,bdbbbdch,,,:1:2:1:3:17:3:3:3:19,:19:17:19:39,,,:25:17:4:26:22:10:32:18:35,:6:1:44:28,,,13,18,31,1
375,0,0,0,0,0,0,0,26,6,0,0,abacabadadacbhbbadadadadbdadbd,bdbdchch,,,:1:2:1:3:3:2:23:17:3:3:3:3:19:3:19,:19:19:39:39,,,:25:17:4:26:29:23:0:22:10:3:42:32:13:18:35,:6:44:37:28,,,19,12,31,0
376,0,0,0,0,0,0,0,18,4,0,0,abacabadadacbhbbadadadad,bdbdch,,,:1:2:1:3:3:2:23:17:3:3:3:3,:19:19:39,,,:25:17:4:26:29:23:0:22:10:3:42:18,:6:44:28,,,15,16,31,0
377,0,0,0,0,0,0,0,18,7,0,0,abacabadadacbhbbadadadbd,bdbbbdchch,,,:1:2:1:3:3:2:23:17:3:3:3:19,:19:17:19:39:39,,,:25:17:4:26:29:23:0:22:10:3:42:35,:6:1:44:37:28,,,17,14,31,1
378,0,0,0,0,0,0,0,17,0,0,0,ababadadacbhbbadabadbd,,,,:1:1:3:3:2:23:17:3:1:3:19,,,,:25:4:26:29:23:0:22:10:7:18:35,,,,17,22,39,1
379,0,0,0,0,0,0,0,25,3,0,0,abacabadadacbhbbadadadabadbdad,bdbbbd,,,:1:2:1:3:3:2:23:17:3:3:3:1:3:19:3,:19:17:19,,,:25:17:4:26:29:23:0:22:10:3:42:7:32:13:18,:6:1:44,,,18,13,31,0
380,0,0,0,0,0,0,0,22,1,0,0,abacabadadacbhbbadadadadadbd,bd,,,:1:2:1:3:3:2:23:17:3:3:3:3:3:19,:19,,,:25:17:4:26:29:23:0:22:10:3:42:32:18:35,:6,,,15,16,31,0
381,0,0,0,0,0,0,0,20,4,0,0,abacabadadbhadadadbdbd,bdbdch,,,:1:2:1:3:3:23:3:3:3:19:19,:19:19:39,,,:25:17:4:26:29:0:3:42:32:13:35,:6:44:37,,,14,17,31,0
382,0,0,0,0,0,0,0,18,5,0,0,abacabadadacbhbbadadadad,bdbbbdch,,,:1:2:1:3:3:2:23:17:3:3:3:3,:19:17:19:39,,,:25:17:4:26:29:23:0:22:10:3:42:18,:6:1:44:28,,,16,15,31,0
383,0,0,0,0,0,0,0,27,15,0,0,abacabadadacbhbbadadadabadbdadbd,bdbbbdchchchchchchch,,,:1:2:1:3:3:2:23:17:3:3:3:1:3:19:3:19,:19:17:19:39:39:39:39:39:39:39,,,:25:17:4:26:29:23:0:22:10:3:42:7:32:13:18:35,:6:1:44:11:37:28:12:21:38:9,,,26,5,31,0
384,0,0,0,0,0,0,0,13,5,0,0,abacabadadbhbbadad,bdbbbdch,,,:1:2:1:3:3:23:17:3:3,:19:17:19:39,,,:25:17:4:26:29:0:22:10:3,:6:1:44:37,,,13,18,31,0
385,1,0,0,0,0,0,0,27,5,0,0,abacabadadacbhbbadadadabadbdadbd,bdbbbdch,,,:1:2:1:3:3:2:23:17:3:3:3:1:3:19:3:19,:19:17:19:39,,,:25:17:4:26:29:23:0:22:10:3:42:7:32:13:18:35,:6:1:44:28,,,20,27,47,6
386,1,0,0,0,0,0,0,11,0,0,0,abacabadadbhbb,,,,:1:2:1:3:3:23:17,,,,:25:17:4:26:29:0:22,,,,7,17,24,3
387,0,0,0,0,0,0,0,27,2,0,0,abacabadadacbhbbadadadabadbdadbd,bbch,,,:1:2:1:3:3:2:23:17:3:3:3:1:3:19:3:19,:17:39,,,:25:17:4:26:29:23:0:22:10:3:42:7:32:13:18:35,:1:38,,,18,13,31,0
388,0,0,0,0,0,0,0,27,12,0,0,abacabadadacbhbbadadadabadbdadbd,bdbbbdchchchchchch,,,:1:2:1:3:3:2:23:17:3:3:3:1:3:19:3:19,:19:17:19:39:39:39:39:39:39,,,:25:17:4:26:29:23:0:22:10:3:42:7:32:13:18:35,:6:1:44:37:28:12:21:38:9,,,25,14,39,4
389,0,0,0,0,0,0,0,24,0,0,0,abacabadadacbhbbadadadadbdad,,,,:1:2:1:3:3:2:23:17:3:3:3:3:19:3,,,,:25:17:4:26:29:23:0:22:10:3:42:32:13:18,,,,16,23,39,0
390,0,0,0,0,0,0,0,18,3,0,0,abacabadadacbhbbadadadad,bdbbbd,,,:1:2:1:3:3:2:23:17:3:3:3:3,:19:17:19,,,:25:17:4:26:29:23:0:22:10:3:42:18,:6:1:44,,,15,16,31,0
391,0,0,0,0,0,0,0,13,0,0,0,abacabadadacbhbbad,,,,:1:2:1:3:3:2:23:17:3,,,,:25:17:4:26:29:23:0:22:10,,,,15,24,39,0
392,0,0,0,0,0,0,0,22,4,0,0,abacabadadacbhbbadadadadadbd,bdbbbdch,,,:1:2:1:3:3:2:23:17:3:3:3:3:3:19,:19:17:19:39,,,:25:17:4:26:29:23:0:22:10:3:42:32:18:35,:6:1:44:38,,,18,13,31,0
393,0,0,0,0,0,0,0,15,6,0,0,abacabadadacbhbbadad,bdbbbdchch,,,:1:2:1:3:3:2:23:17:3:3,:19:17:19:39:39,,,:25:17:4:26:29:23:0:22:3:42,:6:1:44:37:12,,,15,16,31,0
394,0,0,0,0,0,0,0,12,0,0,0,abacabadadbhbbad,,,,:1:2:1:3:3:23:17:3,,,,:25:17:4:26:29:0:22:10,,,,8,23,31,1
395,0,0,0,0,0,0,0,18,7,0,0,abacabadadacbhbbadadadbd,bdbbbdchch,,,:1:2:1:3:3:2:23:17:3:3:3:19,:19:17:19:39:39,,,:25:17:4:26:29:23:0:22:10:3:32:35,:6:1:44:37:28,,,17,14,31,1
396,0,0,0,0,0,0,0,20,9,0,0,abacabadadacbhbbadadadadad,bdbbbdchchchch,,,:1:2:1:3:3:2:23:17:3:3:3:3:3,:19:17:19:39:39:39:39,,,:25:17:4:26:29:23:0:22:10:3:42:32:18,:6:1:44:37:28:12:38,,,20,11,31,4
397,0,0,0,0,0,0,0,27,15,0,0,abacabadadacbhbbadadadabadbdadbd,bdbbbdchchchchchchch,,,:1:2:1:3:3:2:23:17:3:3:3:1:3:19:3:19,:19:17:19:39:39:39:39:39:39:39,,,:25:17:4:26:29:23:0:22:10:3:42:7:32:13:18:35,:6:1:44:11:37:28:12:21:38:9,,,26,5,31,0
398,0,0,0,1,0,0,0,18,6,0,0,abacabadadacbhbbadadadbd,bdbbbdchch,,,:1:2:1:3:3:2:23:17:3:3:3:19,:19:17:19:39:39,,,:25:17:4:26:29:23:0:22:10:3:42:35,:6:1:44:28:38,,,17,15,32,2
399,0,0,0,0,0,0,0,20,13,0,0,abacabadadacbhbbadadadadad,bbbdchchchchdheh,,,:1:2:1:3:3:2:23:17:3:3:3:3:3,:17:19:39:39:39:39:55:71,,,:25:17:4:26:29:23:0:22:10:3:42:32:18,:1:44:37:28:12:38:8:33,,,21,18,39,0
400,0,0,0,0,0,0,0,22,4,0,0,abacabadadacbhbbadadadadadbd,bdbbbdch,,,:1:2:1:3:3:2:23:17:3:3:3:3:3:19,:19:17:19:39,,,:25:17:4:26:29:23:0:22:10:3:42:32:18:35,:6:1:44:38,,,18,21,39,0
401,0,0,0,0,0,0,0,22,6,0,0,abacabadadacbhbbadadadadadbd,bdbbbdchch,,,:1:2:1:3:3:2:23:17:3:3:3:3:3:19,:19:17:19:39:39,,,:25:17:4:26:29:23:0:22:10:3:42:32:18:35,:6:1:44:37:38,,,19,12,31,0
402,0,0,0,0,0,0,0,22,7,0,0,abacabadadacbhbbadadadbdbd,bdbbbdchch,,,:1:2:1:3:3:2:23:17:3:3:3:19:19,:19:17:19:39:39,,,:25:17:4:26:29:23:0:22:10:3:32:13:35,:6:1:44:37:28,,,18,13,31,0
403,0,0,0,0,0,0,0,22,6,0,0,abacabadadacbhbbadadadadadbd,bdbbbdchch,,,:1:2:1:3:3:2:23:17:3:3:3:3:3:19,:19:17:19:39:39,,,:25:17:4:26:29:23:0:22:10:3:42:32:18:35,:6:1:44:28:38,,,19,12,31,4
404,0,0,0,0,0,0,0,26,9,0,0,abacabadadacbhbbadadadadbdadbd,bdbbbdchchchch,,,:1:2:1:3:3:2:23:17:3:3:3:3:19:3:19,:19:17:19:39:39:39:39,,,:25:17:4:26:29:23:0:22:10:3:42:32:13:18:35,:6:1:44:37:28:12:38,,,22,9,31,0
405,0,0,0,0,0,0,0,25,0,0,0,abacabadadacbhbbadadadabadbdad,,,,:1:2:1:3:3:2:23:17:3:3:3:1:3:19:3,,,,:25:17:4:26:29:23:0:22:10:3:42:7:32:13:18,,,,15,16,31,1
406,0,0,0,0,0,0,0,16,8,0,0,abacabadadacbhbbadadad,bdbbbdchchch,,,:1:2:1:3:3:2:23:17:3:3:3,:19:17:19:39:39:39,,,:25:17:4:26:29:23:0:22:10:3:42,:6:1:44:37:28:12,,,17,14,31,0
407,0,0,0,0,0,0,0,22,3,0,0,abacabadadacbhbbadadadadadbd,bdbbbd,,,:1:2:1:3:3:2:23:17:3:3:3:3:3:19,:19:17:19,,,:25:17:4:26:29:23:0:22:10:3:42:32:18:35,:6:1:44,,,17,22,39,0
408,1,0,0,0,0,0,0,12,5,0,0,ababacbhadadadad,bdbbbdch,,,:1:1:2:23:3:3:3:3,:19:17:19:39,,,:25:4:23:0:3:42:32:18,:6:1:44:37,,,12,27,39,6
409,0,0,0,0,0,0,0,20,13,0,0,abacabadadacbhbbadadadbd,bdbbbdchchchchchdh,,,:1:2:1:3:3:2:23:17:3:3:3:19,:19:17:19:39:39:39:39:39:55,,,:25:17:4:26:29:23:0:22:10:3:42:13,:6:1:44:37:28:12:21:38:8,,,21,10,31,0
410,0,0,0,0,0,0,0,26,6,0,0,abacabadadacbhbbadadadadbdadbd,bdbbbdchch,,,:1:2:1:3:3:2:23:17:3:3:3:3:19:3:19,:19:17:19:39:39,,,:25:17:4:26:29:23:0:22:10:3:42:32:13:18:35,:6:1:44:28:9,,,20,11,31,0
411,0,0,0,0,0,0,0,19,1,0,0,abacabadadacbbadadadabadbd,bd,,,:1:2:1:3:3:2:17:3:3:3:1:3:19,:19,,,:25:17:4:26:29:23:22:10:3:42:7:32:35,:44,,,14,17,31,0
412,0,0,0,0,0,0,0,19,4,0,0,abacabadadacbhbbadadadad,bdbbbdch,,,:1:2:1:3:3:2:23:17:3:3:3:3,:19:17:19:39,,,:25:17:4:26:29:23:0:22:10:42:32:18,:6:1:44:38,,,22,17,39,0
413,0,0,0,0,0,0,0,20,2,0,0,abacabadadacbhbbadadadadbd,bbbd,,,:1:2:1:3:3:2:23:17:3:3:3:3:19,:17:19,,,:25:17:4:26:29:23:0:22:10:3:42:32:35,:1:44,,,15,16,31,0
414,0,0,0,0,0,0,0,12,7,0,0,ababadadbhbbadad,bdbbbdchch,,,:1:1:3:3:23:17:3:3,:19:17:19:39:39,,,:25:4:26:29:0:22:10:3,:6:1:44:37:28,,,13,18,31,0
415,0,0,0,0,0,0,0,20,2,0,0,abacabadadacbhbbadadadadad,ch,,,:1:2:1:3:3:2:23:17:3:3:3:3:3,:39,,,:25:17:4:26:29:23:0:22:10:3:42:32:18,:37,,,20,19,39,0
416,1,0,0,0,0,0,0,18,13,0,0,abacabadadacbhbbadadadad,bdbbbdchchchchchdh,,,:1:2:1:3:3:2:23:17:3:3:3:3,:19:17:19:39:39:39:39:39:55,,,:25:17:4:26:29:23:0:22:10:3:42:32,:6:1:44:37:28:12:21:9:2,,,21,18,39,0
417,0,0,0,0,0,0,0,17,6,0,0,abacabadadacbbadadadbd,bdbbbdchch,,,:1:2:1:3:3:2:17:3:3:3:19,:19:17:19:39:39,,,:25:17:4:26:29:23:22:10:42:32:35,:6:1:44:37:12,,,24,15,39,0
418,0,0,0,0,0,0,0,15,7,0,0,abacabadadbhbbadadad,bdbbbdchch,,,:1:2:1:3:3:23:17:3:3:3,:19:17:19:39:39,,,:25:17:4:26:29:0:22:10:3:42,:6:1:44:37:28,,,15,16,31,0
419,0,0,0,0,0,0,0,18,6,0,0,abacabadadacbbadadadadbd,bdbdchch,,,:1:2:1:3:3:2:17:3:3:3:3:19,:19:19:39:39,,,:25:17:4:26:29:23:22:10:3:42:32:35,:6:44:37:28,,,16,15,31,2
420,0,0,0,0,0,0,0,19,1,0,0,acabadadacbbadadadadbd,bd,,,:2:1:3:3:2:17:3:3:3:3:19,:19,,,:17:4:26:29:23:22:10:3:42:32:13,:44,,,12,19,31,0
421,0,0,0,0,0,0,0,17,3,0,0,abacabadadacbhbbadadad,chch,,,:1:2:1:3:3:2:23:17:3:3:3,:39:39,,,:25:17:4:26:29:23:0:22:10:32:18,:37:9,,,14,25,39,0
422,0,0,0,0,0,0,0,18,1,0,0,abacabadadacbhadadadbd,bb,,,:1:2:1:3:3:2:23:3:3:3:19,:17,,,:25:17:4:26:29:23:0:42:32:18:35,:1,,,12,27,39,6
423,0,0,0,0,0,0,0,14,1,0,0,acabadadacadadbd,bd,,,:2:1:3:3:2:3:3:19,:19,,,:17:4:26:29:23:3:32:13,:44,,,9,22,31,0
424,0,0,0,0,0,0,0,20,5,0,0,abacabadadacbhbbadadadadbd,bdbbbdch,,,:1:2:1:3:3:2:23:17:3:3:3:3:19,:19:17:19:39,,,:25:17:4:26:29:23:0:22:10:3:42:32:35,:6:1:44:28,,,17,14,31,0
425,0,0,0,0,0,0,0,18,0,0,0,abacabadadacbhbbadadadad,,,,:1:2:1:3:3:2:23:17:3:3:3:3,,,,:25:17:4:26:29:23:0:22:10:3:42:18,,,,12,19,31,0
426,1,0,0,0,0,0,0,22,8,0,0,abacabadadacbhbbadadadadadbd,bdbbbdchchch,,,:1:2:1:3:3:2:23:17:3:3:3:3:3:19,:19:17:19:39:39:39,,,:25:17:4:26:29:23:0:22:10:3:42:32:18:35,:6:1:44:37:28:38,,,20,27,47,0
427,0,0,0,0,0,0,0,24,6,0,0,abacabadadacbbadadadadbdadbd,bdbdchch,,,:1:2:1:3:3:2:17:3:3:3:3:19:3:19,:19:19:39:39,,,:25:17:4:26:29:23:22:10:3:42:32:13:18:35,:6:44:37:28,,,18,21,39,3
428,0,0,0,0,0,0,0,23,3,0,0,abacabadadacbhbbadadadabadadbd,bbbdch,,,:1:2:1:3:3:2:23:17:3:3:3:1:3:3:19,:17:19:39,,,:25:17:4:26:29:23:0:22:10:3:42:7:32:18:35,:1:44:38,,,18,13,31,2
429,0,0,0,0,0,0,0,19,3,0,0,abacabadadbhadadadadadbd,bdbbbd,,,:1:2:1:3:3:23:3:3:3:3:3:19,:19:17:19,,,:25:17:4:26:29:0:10:3:42:32:18:35,:6:1:44,,,15,16,31,0
430,0,0,0,0,0,0,0,18,13,0,0,abacabadadbhbbadadbd,chchchdhfh,,,:1:2:1:3:3:23:17:3:3:19,:39:39:39:55:87,,,:25:17:4:26:29:0:22:10:32:13,:11:37:28:8:48,,,15,16,31,0
431,0,0,0,0,0,0,0,18,11,0,0,abacabadadacbhbbadadadad,bdbbbdchchchch,,,:1:2:1:3:3:2:23:17:3:3:3:3,:19:17:19:39:39:39:39,,,:25:17:4:26:29:23:0:22:10:3:42:18,:6:1:44:11:37:28:12,,,19,12,31,2
432,0,0,0,0,0,0,0,25,12,0,0,abacabadadacbhbbadadadabadbdbd,bdbbbdchchchchchch,,,:1:2:1:3:3:2:23:17:3:3:3:1:3:19:19,:19:17:19:39:39:39:39:39:39,,,:25:17:4:26:29:23:0:22:10:3:42:7:32:13:35,:6:1:44:37:28:12:21:38:9,,,30,9,39,7
433,0,0,0,0,0,0,0,26,6,0,0,abacabadadacbhbbadadadadbdadbd,bdbdchch,,,:1:2:1:3:3:2:23:17:3:3:3:3:19:3:19,:19:19:39:39,,,:25:17:4:26:29:23:0:22:10:3:42:32:13:18:35,:6:44:37:28,,,19,12,31,0
434,0,0,0,0,0,0,0,7,0,0,0,abacabadad,,,,:1:2:1:3:3,,,,:25:17:4:26:29,,,,5,11,16,0
435,0,0,0,0,0,0,0,20,6,0,0,abacabadadacbhbbadadadadbd,bdbdchch,,,:1:2:1:3:3:2:23:17:3:3:3:3:19,:19:19:39:39,,,:25:17:4:26:29:23:0:22:10:3:42:32:35,:6:44:37:21,,,17,14,31,0
436,0,0,0,0,0,0,0,14,6,0,0,abacabadadacbbadadad,bdbbbdchch,,,:1:2:1:3:3:2:17:3:3:3,:19:17:19:39:39,,,:25:17:4:26:29:23:22:10:3:42,:6:1:44:37:12,,,15,16,31,0
437,0,0,0,0,0,0,0,22,2,0,0,abacabadadacbhbbadadadadbd,ch,,,:1:2:1:3:3:2:23:17:3:3:3:3:19,:39,,,:25:17:4:26:29:23:0:22:10:3:42:32:13,:37,,,21,18,39,5
438,0,0,0,0,0,0,0,11,0,0,0,abacabadacadadad,,,,:1:2:1:3:2:3:3:3,,,,:25:17:4:26:23:3:42:32,,,,16,23,39,0
439,0,0,0,0,0,0,0,0,0,0,0,,,,,,,,,,,,,0,0,0,0
440,0,0,0,0,0,0,0,20,5,0,0,abacabadadacbhbbadadadadad,bdbbbdch,,,:1:2:1:3:3:2:23:17:3:3:3:3:3,:19:17:19:39,,,:25:17:4:26:29:23:0:22:10:3:42:32:18,:6:1:44:28,,,17,14,31,0
441,0,0,0,0,0,0,0,21,3,0,0,abacabadadbhbbadadadadadbd,bdbbbd,,,:1:2:1:3:3:23:17:3:3:3:3:3:19,:19:17:19,,,:25:17:4:26:29:0:22:10:3:42:32:18:35,:6:1:44,,,16,15,31,0
442,0,0,0,0,0,0,0,19,5,0,0,abacabadadbhbbadadadadbd,bdbbbdch,,,:1:2:1:3:3:23:17:3:3:3:3:19,:19:17:19:39,,,:25:17:4:26:29:0:22:10:3:42:32:35,:6:1:44:37,,,16,15,31,2
443,0,0,0,0,1,0,0,27,15,0,0,abacabadadacbhbbadadadabadbdadbd,bdbbbdchchchchchchch,,,:1:2:1:3:3:2:23:17:3:3:3:1:3:19:3:19,:19:17:19:39:39:39:39:39:39:39,,,:25:17:4:26:29:23:0:22:10:3:42:7:32:13:18:35,:6:1:44:11:37:28:12:21:38:9,,,26,18,44,1
444,4,0,0,0,0,0,0,16,11,0,0,abacabadadacbhbbadadad,bdbbbdchchchchdh,,,:1:2:1:3:3:2:23:17:3:3:3,:19:17:19:39:39:39:39:55,,,:25:17:4:26:29:23:0:22:10:3:42,:6:1:44:37:28:12:38:8,,,22,17,39,0
445,0,0,0,0,0,0,0,27,15,0,0,abacabadadacbhbbadadadabadbdadbd,bdbbbdchchchchchchch,,,:1:2:1:3:3:2:23:17:3:3:3:1:3:19:3:19,:19:17:19:39:39:39:39:39:39:39,,,:25:17:4:26:29:23:0:22:10:3:42:7:32:13:18:35,:6:1:44:11:37:28:12:21:38:9,,,26,5,31,0
446,0,0,0,0,0,0,0,0,0,0,0,,,,,,,,,,,,,7,32,39,3
447,0,0,0,0,0,0,0,7,11,0,0,abacabadbb,bdbbbdchchchch,,,:1:2:1:3:17,:19:17:19:39:39:39:39,,,:25:17:4:26:22,:6:1:44:11:37:28:12,,,12,19,31,0
448,0,0,0,0,0,0,0,13,4,0,0,abacabadadacbhbbad,bbbdch,,,:1:2:1:3:3:2:23:17:3,:17:19:39,,,:25:17:4:26:29:23:0:22:10,:1:44:28,,,13,26,39,0
449,0,0,0,0,0,0,0,20,3,0,0,abacabadadacbhbbadadadadbd,bdch,,,:1:2:1:3:3:2:23:17:3:3:3:3:19,:19:39,,,:25:17:4:26:29:23:0:22:10:3:42:18:35,:44:37,,,17,22,39,0
450,0,0,0,0,0,0,0,9,0,0,0,abacadadbhad,,,,:1:2:3:3:23:3,,,,:25:17:26:29:0:10,,,,6,33,39,0
451,0,0,0,0,0,0,0,13,0,0,0,abacabadadbbadadad,,,,:1:2:1:3:3:17:3:3:3,,,,:25:17:4:26:29:22:10:3:42,,,,9,22,31,0
452,0,0,0,0,0,0,0,14,3,0,0,abacabadadbhbbadbd,bdbbbd,,,:1:2:1:3:3:23:17:3:19,:19:17:19,,,:25:17:4:26:29:0:22:10:35,:6:1:44,,,12,19,31,0
453,0,0,0,0,0,0,0,22,5,0,0,abacabadadacbhbbadadadadbd,bdbbbdch,,,:1:2:1:3:3:2:23:17:3:3:3:3:19,:19:17:19:39,,,:25:17:4:26:29:23:0:22:10:3:42:32:13,:6:1:44:37,,,17,14,31,0
454,0,0,0,0,0,0,0,16,4,0,0,abacabadacbhbbadadadbd,bdbbbdch,,,:1:2:1:3:2:23:17:3:3:3:19,:19:17:19:39,,,:25:17:4:26:23:0:22:10:3:32:35,:6:1:44:38,,,15,16,31,0
455,0,0,0,0,0,0,0,22,4,0,0,abacabadadacbhbbadadadadadbd,bdbbbdch,,,:1:2:1:3:3:2:23:17:3:3:3:3:3:19,:19:17:19:39,,,:25:17:4:26:29:23:0:22:10:3:42:32:18:35,:6:1:44:9,,,18,13,31,0
456,0,0,0,0,0,0,0,20,2,0,0,abacabadadacbhbbadadadadbd,bdbd,,,:1:2:1:3:3:2:23:17:3:3:3:3:19,:19:19,,,:25:17:4:26:29:23:0:22:10:3:42:18:35,:6:44,,,15,16,31,0
457,0,0,0,0,0,0,0,20,19,0,0,abacabadadacbhbbadadadadbd,bdbbbdchchchchchfhchdh,,,:1:2:1:3:3:2:23:17:3:3:3:3:19,:19:17:19:39:39:39:39:39:87:39:55,,,:25:17:4:26:29:23:0:22:10:3:42:18:35,:6:1:44:11:37:28:12:38:48:9:2,,,24,7,31,0
458,0,0,0,0,0,0,0,16,13,0,0,abacabadadacbhbbadadad,bdbdchchchchchdh,,,:1:2:1:3:3:2:23:17:3:3:3,:19:19:39:39:39:39:39:55,,,:25:17:4:26:29:23:0:22:10:3:42,:6:44:11:37:28:12:38:8,,,19,20,39,0
459,0,0,0,0,0,0,0,0,5,0,0,,bdbbbdch,,,,:19:17:19:39,,,,:6:1:44:28,,,4,27,31,0
460,1,0,0,0,0,0,0,9,7,0,0,abacabacbbadadab,bdbbbdchch,,,:1:2:1:2:17:3:3:1,:19:17:19:39:39,,,:25:17:4:23:22:10:3:7,:6:1:44:37:28,,,13,26,39,0
461,0,0,0,0,0,0,0,23,7,0,0,abacabadadacbhbbadadadabadadbd,bdbbbdchch,,,:1:2:1:3:3:2:23:17:3:3:3:1:3:3:19,:19:17:19:39:39,,,:25:17:4:26:29:23:0:22:10:3:42:7:32:18:35,:6:1:44:37:28,,,20,11,31,0
462,0,0,0,0,0,0,0,27,17,0,0,abacabadadacbhbbadadadabadbdadbd,bdbbbdchchchchchchdhch,,,:1:2:1:3:3:2:23:17:3:3:3:1:3:19:3:19,:19:17:19:39:39:39:39:39:39:55:39,,,:25:17:4:26:29:23:0:22:10:3:42:7:32:13:18:35,:6:1:44:11:37:28:12:21:38:8:9,,,27,4,31,1
463,0,0,0,0,0,0,0,26,6,0,0,abacabadadbhbbadadadabadbdadbd,bdbbbdchch,,,:1:2:1:3:3:23:17:3:3:3:1:3:19:3:19,:19:17:19:39:39,,,:25:17:4:26:29:0:22:10:3:42:7:32:13:18:35,:6:1:44:37:38,,,27,12,39,0
464,8,0,0,0,0,0,0,27,19,0,0,abacabadadacbhbbadadadabadbdadbd,bdbbbdchchchchchchdhchdh,,,:1:2:1:3:3:2:23:17:3:3:3:1:3:19:3:19,:19:17:19:39:39:39:39:39:39:55:39:55,,,:25:17:4:26:29:23:0:22:10:3:42:7:32:13:18:35,:6:1:44:11:37:28:12:21:38:8:9:2,,,34,5,39,10
465,0,0,0,0,0,0,0,22,2,0,0,abacabadadacbhbbadadadadbd,bbbd,,,:1:2:1:3:3:2:23:17:3:3:3:3:19,:17:19,,,:25:17:4:26:29:23:0:22:10:3:42:32:13,:1:44,,,15,16,31,0
466,0,0,0,0,0,0,0,16,10,0,0,abacabadadacbhbbadadad,bdbbbdchchchch,,,:1:2:1:3:3:2:23:17:3:3:3,:19:17:19:39:39:39:39,,,:25:17:4:26:29:23:0:22:10:3:42,:6:1:44:37:28:12:21,,,18,13,31,0
